195,131,b'Li90cnltZQ0KNjI1MDAwMA0KZ3JpOjEwMDAvMTAwMC8xMDAwcGlAcmFzcGJlcnJ5cGk6fiQg'
195,130,b'Li90cnltZQ0KWyAxMTM2LjUxNDE5OF0gVW5hYmxlIHRvIGhhbmRsZSBrZXJuZWwgcGFnaW5nIHJlcXVlc3QgYXQgdmlydHVhbCBhZGRyZXNzIDAwMTAwMDY4DQpbIDExMzYuNTIzMTI4XSBwZ2QgPSA2OGQ5MzRhNA0KWyAxMTM2LjUyNzI3MV0gWzAwMTAwMDY4XSAqcGdkPTM0NDFhODM1LCAqcHRlPTAwMDAwMDAwLCAqcHB0ZT0wMDAwMDAwMA0KDQ0KB01lc3NhZ2UgZnJvbVsgMTEzNi41MzUwODFdIEludGVybmFsIGVycm9yOiBPb3BzOiAxNyBbIzEwXSBTTVAgQVJNDQogc3lzbG9nZEByYXNwYmVycnlwaSBhdCBTZXAgMjYgMDU6NDM6MjMgLi4uDQ0KIGtlcm5lbDpbIDExMzYuNTM1MDgxXSBJbnRlcm5hbCBlcnJvcjogT29wczogMTcgWyMxMF0gU01QIEFSTQ0KDVsgMTEzNi41NDE3MjZdIE1vZHVsZXMgbGlua2VkIGluOiBibmVwIGhjaV91YXJ0IGJ0YmNtIHNlcmRldiBibHVldG9vdGggZWNkaF9nZW5lcmljIHNoYTI1Nl9nZW5lcmljIGNmZzgwMjExIHJma2lsbCA4MDIxcSBnYXJwIHN0cCBsbGMgcmFzcGJlcnJ5cGlfaHdtb24gc25kX2JjbTI4MzUoQykgaHdtb24gYmNtMjgzNV9jb2RlYyhDKSBzbmRfcGNtIGJjbTI4MzVfdjRsMihDKSB2NGwyX21lbTJtZW0gYmNtMjgzNV9tbWFsX3ZjaGlxKEMpIHY0bDJfY29tbW9uIHNuZF90aW1lciB2aWRlb2J1ZjJfZG1hX2NvbnRpZyB2aWRlb2J1ZjJfdm1hbGxvYyBzbmQgdmlkZW9idWYyX21lbW9wcyB2aWRlb2J1ZjJfdjRsMiB2aWRlb2J1ZjJfY29tbW9uIHZpZGVvZGV2IG1lZGlhIHZjX3NtX2NtYShDKSBmaXhlZCB1aW9fcGRydl9nZW5pcnEgdWlvIGlwX3RhYmxlcyB4X3RhYmxlcyBpcHY2DQpbIDExMzYuNTk4Nzk3XSBDUFU6IDEgUElEOiA2NDEgQ29tbTogdHJ5bWUgVGFpbnRlZDogRyAgICAgIEQgV0MgICAgICAgIDQuMTkuNzUtdjcrICMxMjcwDQpbIDExMzYuNjEyOTQ1XSBIYXJkd2FyZSBuYW1lOiBCQ00yODM1DQpbIDExMzYuNjE5NDQ1XSBQQyBpcyBhdCBjYXBfY2FwYWJsZSsweDE0LzB4OGMNClsgMTEzNi42MjY1ODFdIExSIGlzIGF0IG5zX2NhcGFibGVfY29tbW9uKzB4OWMvMHhiMA0KWyAxMTM2LjYzNDIwMF0gcGMgOiBbPDgwNGExNjZjPl0gICAgbHIgOiBbPDgwMTJiM2NjPl0gICAgcHNyOiAyMDAwMDAxMw0KWyAxMTM2LjY0MzQ4OF0gc3AgOiBiNTlkZmYzMCAgaXAgOiBiNTlkZmY0MCAgZnAgOiBiNTlkZmYzYw0KWyAxMTM2LjY1MDExNl0gcjEwOiAwMDAwMDAwMCAgcjkgOiAwMDAwMDAwMCAgcjggOiAwMDAwMDAwMA0KWyAxMTM2LjY1NjYzN10gcjcgOiAwMDAwMDAwMCAgcjYgOiAwMDAwMDAwMCAgcjUgOiAwMDAwMDAwMCAgcjQgOiBiNWIyMjcwMA0KWyAxMTM2LjY2NDQ2OV0gcjMgOiAwMDAwMDAwMSAgcjIgOiAwMDAwMDAwNyAgcjEgOiA4MGQwZDY0MCAgcjAgOiAwMDEwMDAwMA0KWyAxMTM2LjY3MjI3Nl0gRmxhZ3M6IG56Q3YgIElSUXMgb24gIEZJUXMgb24gIE1vZGUgU1ZDXzMyICBJU0EgQVJNICBTZWdtZW50IHVzZXINClsgMTEzNi42ODA3MDBdIENvbnRyb2w6IDEwYzUzODNkICBUYWJsZTogMzQ1MTgwNmEgIERBQzogMDAwMDAwNTUNClsgMTEzNi42ODc3MDNdIFByb2Nlc3MgdHJ5bWUgKHBpZDogNjQxLCBzdGFjayBsaW1pdCA9IDB4N2VjODM5NzQpDQpbIDExMzYuNjk0Nzg3XSBTdGFjazogKDB4YjU5ZGZmMzAgdG8gMHhiNTllMDAwMCkNClsgMTEzNi43MDAzNTVdIGZmMjA6ICAgICAgICAgICAgICAgICAgICAgICAgICAgICAgICAgICAgIGI1OWRmZjRjIGI1OWRmZjQwIDgwMTJiM2NjIDgwNGExNjY0DQpbIDExMzYuNzEwODk5XSBmZjQwOiBiNTlkZmY1YyBiNTlkZmY1MCA4MDEyYjNmYyA4MDEyYjMzYyBiNTlkZmY5NCBiNTlkZmY2MCA4MDEzNTA3MCA4MDEyYjNlYw0KWyAxMTM2LjcyMTQwOV0gZmY2MDogMDAwMDAwMDMgYjViMjIwMDAgMDAwMDAwMTAgMDAwMDAwMDAgMDAwMDAwMDAgMDAwMDAwMDAgMDAwMDAwZDAgODAxMDExYzQNClsgMTEzNi43MzE5MjFdIGZmODA6IGI1OWRlMDAwIDAwMDAwMGQwIGI1OWRmZmE0IGI1OWRmZjk4IDgwMTM1MWIwIDgwMTM0ZmIwIDAwMDAwMDAwIGI1OWRmZmE4DQpbIDExMzYuNzQyNDYyXSBmZmEwOiA4MDEwMTAwMCA4MDEzNTFhNCAwMDAwMDAwMCAwMDAwMDAwMCAwMDAwMDAwMCAwMDAwMDAwMCAwMDAwMDAwMCAwMDAwMDAwMA0KWyAxMTM2Ljc1MzEzMV0gZmZjMDogMDAwMDAwMDAgMDAwMDAwMDAgMDAwMDAwMDAgMDAwMDAwZDAgMDAwMDAwMDAgMDAwMDAwMDAgMDAwMDAwMDAgN2VlMDliYzQNClsgMTEzNi43NjM5NDBdIGZmZTA6IDc2ZTlhNjk0IDdlZTA5Yjc4IDAwMDEwOTkwIDAwMDEwNzM4IDAwMDAwMDEwIDAwMDAwMDAwIDAwMDAwMDAwIDAwMDAwMDAwDQpbIDExMzYuNzc0ODUwXSBbPDgwNGExNjZjPl0gKGNhcF9jYXBhYmxlKSBmcm9tIFs8ODAxMmIzY2M+XSAobnNfY2FwYWJsZV9jb21tb24rMHg5Yy8weGIwKQ0KWyAxMTM2Ljc4NTY3MF0gWzw4MDEyYjNjYz5dIChuc19jYXBhYmxlX2NvbW1vbikgZnJvbSBbPDgwMTJiM2ZjPl0gKG5zX2NhcGFibGUrMHgxYy8weDIwKQ0KWyAxMTM2Ljc5NjQ3NV0gWzw4MDEyYjNmYz5dIChuc19jYXBhYmxlKSBmcm9tIFs8ODAxMzUwNzA+XSAoX19zeXNfc2V0cmVzdWlkKzB4Y2MvMHgxZjQpDQpbIDExMzYuODA3Mjc3XSBbPDgwMTM1MDcwPl0gKF9fc3lzX3NldHJlc3VpZCkgZnJvbSBbPDgwMTM1MWIwPl0gKHN5c19zZXRyZXN1aWQrMHgxOC8weDFjKQ0KWyAxMTM2LjgxODM0Ml0gWzw4MDEzNTFiMD5dIChzeXNfc2V0cmVzdWlkKSBmcm9tIFs8ODAxMDEwMDA+XSAocmV0X2Zhc3Rfc3lzY2FsbCsweDAvMHgyOCkNClsgMTEzNi44Mjk0MzZdIEV4Y2VwdGlvbiBzdGFjaygweGI1OWRmZmE4IHRvIDB4YjU5ZGZmZjApDQpbIDExMzYuODM2MDgzXSBmZmEwOiAgICAgICAgICAgICAgICAgICAwMDAwMDAwMCAwMDAwMDAwMCAwMDAwMDAwMCAwMDAwMDAwMCAwMDAwMDAwMCAwMDAwMDAwMA0KWyAxMTM2Ljg0NzM3N10gZmZjMDogMDAwMDAwMDAgMDAwMDAwMDAgMDAwMDAwMDAgMDAwMDAwZDAgMDAwMDAwMDAgMDAwMDAwMDAgMDAwMDAwMDAgN2VlMDliYzQNClsgMTEzNi44NTg2NTRdIGZmZTA6IDc2ZTlhNjk0IDdlZTA5Yjc4IDAwMDEwOTkwIDAwMDEwNzM4DQpbIDExMzYuODY1MjU4XSBDb2RlOiBlOTJkZDgwMCBlMjRjYjAwNCBlNTJkZTAwNCBlOGJkNDAwMCAoZTU5MDMwNjgpIA0KWyAxMTM2Ljg3Mjk0OV0gLS0tWyBlbmQgdHJhY2UgY2UyMmE4YThmYjgzZTkzNiBdLS0tDQoNDQoHTWVzc2FnZSBmcm9tIHN5c2xvZ2RAcmFzcGJlcnJ5cGkgYXQgU2VwIDI2IDA1OjQzOjIzIC4uLg0NCiBrZXJuZWw6WyAxMTM2LjY4NzcwM10gUHJvY2VzcyB0cnltZSAocGlkOiA2NDEsIHN0YWNrIGxpbWl0ID0gMHg3ZWM4Mzk3NCkNCg0NDQoHTWVzc2FnZSBmcm9tIHN5c2xvZ2RAcmFzcGJlcnJ5cGkgYXQgU2VwIDI2IDA1OjQzOjIzIC4uLg0NCiBrZXJuZWw6WyAxMTM2LjY5NDc4N10gU3RhY2s6ICgweGI1OWRmZjMwIHRvIDB4YjU5ZTAwMDApDQoNDQ0KB01lc3NhZ2UgZnJvbSBzeXNsb2dkQHJhc3BiZXJyeXBpIGF0IFNlcCAyNiAwNTo0MzoyMyAuLi4NDQoga2VybmVsOlsgMTEzNi43MDAzNTVdIGZmMjA6ICAgICAgICAgICAgICAgICAgICAgICAgICAgICAgICAgICAgIGI1OWRmZjRjIGI1OWRmZjQwIDgwMTJiM2NjIDgwNGExNjY0DQoNDQ0KB01lc3NhZ2UgZnJvbSBzeXNsb2dkQHJhc3BiZXJyeXBpIGF0IFNlcCAyNiAwNTo0MzoyMyAuLi4NDQoga2VybmVsOlsgMTEzNi43MTA4OTldIGZmNDA6IGI1OWRmZjVjIGI1OWRmZjUwIDgwMTJiM2ZjIDgwMTJiMzNjIGI1OWRmZjk0IGI1OWRmZjYwIDgwMTM1MDcwIDgwMTJiM2VjDQoNDQ0KB01lc3NhZ2UgZnJvbSBzeXNsb2dkQHJhc3BiZXJyeXBpIGF0IFNlcCAyNiAwNTo0MzoyMyAuLi4NDQoga2VybmVsOlsgMTEzNi43MjE0MDldIGZmNjA6IDAwMDAwMDAzIGI1YjIyMDAwIDAwMDAwMDEwIDAwMDAwMDAwIDAwMDAwMDAwIDAwMDAwMDAwIDAwMDAwMGQwIDgwMTAxMWM0DQoNDQ0KB01lc3NhZ2UgZnJvbSBzeXNsb2dkQHJhc3BiZXJyeXBpIGF0IFNlcCAyNiAwNTo0MzoyMyAuLi4NDQoga2VybmVsOlsgMTEzNi43MzE5MjFdIGZmODA6IGI1OWRlMDAwIDAwMDAwMGQwIGI1OWRmZmE0IGI1OWRmZjk4IDgwMTM1MWIwIDgwMTM0ZmIwIDAwMDAwMDAwIGI1OWRmZmE4DQoNDQ0KB01lc3NhZ2UgZnJvbSBzeXNsb2dkQHJhc3BiZXJyeXBpIGF0IFNlcCAyNiAwNTo0MzoyMyAuLi4NDQoga2VybmVsOlsgMTEzNi43NDI0NjJdIGZmYTA6IDgwMTAxMDAwIDgwMTM1MWE0IDAwMDAwMDAwIDAwMDAwMDAwIDAwMDAwMDAwIDAwMDAwMDAwIDAwMDAwMDAwIDAwMDAwMDAwDQoNDQ0KB01lc3NhZ2UgZnJvbSBzeXNsb2dkQHJhc3BiZXJyeXBpIGF0IFNlcCAyNiAwNTo0MzoyMyAuLi4NDQoga2VybmVsOlsgMTEzNi43NTMxMzFdIGZmYzA6IDAwMDAwMDAwIDAwMDAwMDAwIDAwMDAwMDAwIDAwMDAwMGQwIDAwMDAwMDAwIDAwMDAwMDAwIDAwMDAwMDAwIDdlZTA5YmM0DQoNDQ0KB01lc3NhZ2UgZnJvbSBzeXNsb2dkQHJhc3BiZXJyeXBpIGF0IFNlcCAyNiAwNTo0MzoyMyAuLi4NDQoga2VybmVsOlsgMTEzNi43NjM5NDBdIGZmZTA6IDc2ZTlhNjk0IDdlZTA5Yjc4IDAwMDEwOTkwIDAwMDEwNzM4IDAwMDAwMDEwIDAwMDAwMDAwIDAwMDAwMDAwIDAwMDAwMDAwDQoNDQ0KB01lc3NhZ2UgZnJvbSBzeXNsb2dkQHJhc3BiZXJyeXBpIGF0IFNlcCAyNiAwNTo0MzoyMyAuLi4NDQoga2VybmVsOlsgMTEzNi44NjUyNThdIENvZGU6IGU5MmRkODAwIGUyNGNiMDA0IGU1MmRlMDA0IGU4YmQ0MDAwIChlNTkwMzA2OCkgDQoNU2VnbWVudGF0aW9uIGZhdWx0DQpwaUByYXNwYmVycnlwaTp+JCA='
195,132,b'Li90cnltZQ0KNjI1MDAwMA0KZ3JpOjEwMDAvMTAwMC8xMDAwcGlAcmFzcGJlcnJ5cGk6fiQg'
195,125,b'Li90cnltZQ0KNjI1MDAwMA0KZ3JpOjEwMDAvMTAwMC8xMDAwcGlAcmFzcGJlcnJ5cGk6fiQg'
195,128,b'Li90cnltZQ0KNjI1MDAwMA0KZ3JpOjEwMDAvMTAwMC8xMDAwcGlAcmFzcGJlcnJ5cGk6fiQg'
195,135,b'Li90cnltZQ0KNjI1MDAwMA0KZ3JpOjEwMDAvMTAwMC8xMDAwcGlAcmFzcGJlcnJ5cGk6fiQg'
195,131,b'Li90cnltZQ0KNjI1MDAwMA0KZ3JpOjEwMDAvMTAwMC8xMDAwcGlAcmFzcGJlcnJ5cGk6fiQg'
195,131,b'Li90cnltZQ0KWyAxMTQxLjA1ODQzN10gVW5hYmxlIHRvIGhhbmRsZSBrZXJuZWwgTlVMTCBwb2ludGVyIGRlcmVmZXJlbmNlIGF0IHZpcnR1YWwgYWRkcmVzcyAwMDAwMDM0Ng0K'
195,125,b'IC4vdHJ5bWUNCnBpQHJhc3BiZXJyeXBpOn4kIA=='
195,132,b'Li90cnltZQ0KcGlAcmFzcGJlcnJ5cGk6fiQg'
195,125,b'Li90cnltZQ0KcGlAcmFzcGJlcnJ5cGk6fiQg'
195,133,b'Li90cnltZQ0KcGlAcmFzcGJlcnJ5cGk6fiQg'
195,135,b'Li90cnltZQ0KcGlAcmFzcGJlcnJ5cGk6fiQg'
195,131,b'Li90cnltZQ0KcGlAcmFzcGJlcnJ5cGk6fiQg'
195,134,b'Li90cnltZQ0KcGlAcmFzcGJlcnJ5cGk6fiQg'
195,135,b'Li90cnltZQ0KcGlAcmFzcGJlcnJ5cGk6fiQg'
195,125,b'Li90cnltZQ0KcGlAcmFzcGJlcnJ5cGk6fiQg'
195,131,b'Li90cnltZQ0KcGlAcmFzcGJlcnJ5cGk6fiQg'
195,130,b'Li90cnltZQ0KcGlAcmFzcGJlcnJ5cGk6fiQg'
195,126,b'Li90cnltZQ0KcGlAcmFzcGJlcnJ5cGk6fiQg'
195,132,b'Li90cnltZQ0KcGlAcmFzcGJlcnJ5cGk6fiQg'
195,127,b'Li90cnltZQ0KcGlAcmFzcGJlcnJ5cGk6fiQg'
195,127,b'Li90cnltZQ0KcGlAcmFzcGJlcnJ5cGk6fiQg'
195,134,b'Li90cnltZQ0KcGlAcmFzcGJlcnJ5cGk6fiQg'
195,125,b'Li90cnltZQ0KcGlAcmFzcGJlcnJ5cGk6fiQg'
195,131,b'Li90cnltZQ0KcGlAcmFzcGJlcnJ5cGk6fiQg'
195,126,b'Li90cnltZQ0KcGlAcmFzcGJlcnJ5cGk6fiQg'
195,130,b'Li90cnltZQ0KcGlAcmFzcGJlcnJ5cGk6fiQg'
195,130,b'Li90cnltZQ0KcGlAcmFzcGJlcnJ5cGk6fiQg'
195,125,b'Li90cnltZQ0KcGlAcmFzcGJlcnJ5cGk6fiQg'
195,131,b'Li90cnltZQ0KcGlAcmFzcGJlcnJ5cGk6fiQg'
195,135,b'Li90cnltZQ0KcGlAcmFzcGJlcnJ5cGk6fiQg'
195,131,b'Li90cnltZQ0KcGlAcmFzcGJlcnJ5cGk6fiQg'
195,127,b'Li90cnltZQ0KcGlAcmFzcGJlcnJ5cGk6fiQg'
195,125,b'Li90cnltZQ0KcGlAcmFzcGJlcnJ5cGk6fiQg'
195,129,b'Li90cnltZQ0KcGlAcmFzcGJlcnJ5cGk6fiQg'
195,133,b'Li90cnltZQ0KcGlAcmFzcGJlcnJ5cGk6fiQg'
195,127,b'Li90cnltZQ0KcGlAcmFzcGJlcnJ5cGk6fiQg'
195,129,b'Li90cnltZQ0KcGlAcmFzcGJlcnJ5cGk6fiQg'
195,131,b'Li90cnltZQ0KcGlAcmFzcGJlcnJ5cGk6fiQg'
195,125,b'Li90cnltZQ0KcGlAcmFzcGJlcnJ5cGk6fiQg'
195,134,b'Li90cnltZQ0KcGlAcmFzcGJlcnJ5cGk6fiQg'
195,134,b'Li90cnltZQ0KcGlAcmFzcGJlcnJ5cGk6fiQg'
195,132,b'Li90cnltZQ0KcGlAcmFzcGJlcnJ5cGk6fiQg'
195,129,b'Li90cnltZQ0KcGlAcmFzcGJlcnJ5cGk6fiQg'
195,127,b'Li90cnltZQ0KcGlAcmFzcGJlcnJ5cGk6fiQg'
195,130,b'Li90cnltZQ0KcGlAcmFzcGJlcnJ5cGk6fiQg'
195,130,b'Li90cnltZQ0KcGlAcmFzcGJlcnJ5cGk6fiQg'
195,125,b'Li90cnltZQ0KcGlAcmFzcGJlcnJ5cGk6fiQg'
195,130,b'Li90cnltZQ0KcGlAcmFzcGJlcnJ5cGk6fiQg'
195,132,b'Li90cnltZQ0KcGlAcmFzcGJlcnJ5cGk6fiQg'
195,129,b'Li90cnltZQ0KcGlAcmFzcGJlcnJ5cGk6fiQg'
195,126,b'Li90cnltZQ0KcGlAcmFzcGJlcnJ5cGk6fiQg'
195,127,b'Li90cnltZQ0KcGlAcmFzcGJlcnJ5cGk6fiQg'
195,133,b'Li90cnltZQ0KcGlAcmFzcGJlcnJ5cGk6fiQg'
195,126,b'Li90cnltZQ0KcGlAcmFzcGJlcnJ5cGk6fiQg'
195,132,b'Li90cnltZQ0KcGlAcmFzcGJlcnJ5cGk6fiQg'
195,129,b'Li90cnltZQ0KcGlAcmFzcGJlcnJ5cGk6fiQg'
195,127,b'Li90cnltZQ0KcGlAcmFzcGJlcnJ5cGk6fiQg'
195,128,b'Li90cnltZQ0KcGlAcmFzcGJlcnJ5cGk6fiQg'
195,132,b'Li90cnltZQ0KcGlAcmFzcGJlcnJ5cGk6fiQg'
195,133,b'Li90cnltZQ0KcGlAcmFzcGJlcnJ5cGk6fiQg'
195,130,b'Li90cnltZQ0KcGlAcmFzcGJlcnJ5cGk6fiQg'
195,129,b'Li90cnltZQ0KcGlAcmFzcGJlcnJ5cGk6fiQg'
195,125,b'Li90cnltZQ0KcGlAcmFzcGJlcnJ5cGk6fiQg'
195,130,b'Li90cnltZQ0KcGlAcmFzcGJlcnJ5cGk6fiQg'
195,132,b'Li90cnltZQ0KcGlAcmFzcGJlcnJ5cGk6fiQg'
195,135,b'Li90cnltZQ0KcGlAcmFzcGJlcnJ5cGk6fiQg'
195,133,b'Li90cnltZQ0KcGlAcmFzcGJlcnJ5cGk6fiQg'
195,126,b'Li90cnltZQ0KcGlAcmFzcGJlcnJ5cGk6fiQg'
195,127,b'Li90cnltZQ0KcGlAcmFzcGJlcnJ5cGk6fiQg'
195,133,b'Li90cnltZQ0KcGlAcmFzcGJlcnJ5cGk6fiQg'
195,131,b'Li90cnltZQ0KcGlAcmFzcGJlcnJ5cGk6fiQg'
195,129,b'Li90cnltZQ0KcGlAcmFzcGJlcnJ5cGk6fiQg'
195,132,b'Li90cnltZQ0KcGlAcmFzcGJlcnJ5cGk6fiQg'
195,129,b'Li90cnltZQ0KcGlAcmFzcGJlcnJ5cGk6fiQg'
195,126,b'Li90cnltZQ0KcGlAcmFzcGJlcnJ5cGk6fiQg'
195,125,b'Li90cnltZQ0KcGlAcmFzcGJlcnJ5cGk6fiQg'
195,130,b'Li90cnltZQ0KcGlAcmFzcGJlcnJ5cGk6fiQg'
195,127,b'Li90cnltZQ0KcGlAcmFzcGJlcnJ5cGk6fiQg'
195,134,b'Li90cnltZQ0KcGlAcmFzcGJlcnJ5cGk6fiQg'
195,125,b'Li90cnltZQ0KcGlAcmFzcGJlcnJ5cGk6fiQg'
195,128,b'Li90cnltZQ0KcGlAcmFzcGJlcnJ5cGk6fiQg'
195,130,b'Li90cnltZQ0KcGlAcmFzcGJlcnJ5cGk6fiQg'
195,127,b'Li90cnltZQ0KcGlAcmFzcGJlcnJ5cGk6fiQg'
195,129,b'Li90cnltZQ0KcGlAcmFzcGJlcnJ5cGk6fiQg'
195,133,b'Li90cnltZQ0KcGlAcmFzcGJlcnJ5cGk6fiQg'
195,134,b'Li90cnltZQ0KcGlAcmFzcGJlcnJ5cGk6fiQg'
195,131,b'Li90cnltZQ0KcGlAcmFzcGJlcnJ5cGk6fiQg'
195,134,b'Li90cnltZQ0KcGlAcmFzcGJlcnJ5cGk6fiQg'
195,132,b'Li90cnltZQ0KcGlAcmFzcGJlcnJ5cGk6fiQg'
195,125,b'Li90cnltZQ0KcGlAcmFzcGJlcnJ5cGk6fiQg'
195,132,b'Li90cnltZQ0KcGlAcmFzcGJlcnJ5cGk6fiQg'
195,133,b'Li90cnltZQ0KcGlAcmFzcGJlcnJ5cGk6fiQg'
195,135,b'Li90cnltZQ0KcGlAcmFzcGJlcnJ5cGk6fiQg'
195,128,b'Li90cnltZQ0KcGlAcmFzcGJlcnJ5cGk6fiQg'
195,133,b'Li90cnltZQ0KcGlAcmFzcGJlcnJ5cGk6fiQg'
195,125,b'Li90cnltZQ0KcGlAcmFzcGJlcnJ5cGk6fiQg'
195,127,b'Li90cnltZQ0KcGlAcmFzcGJlcnJ5cGk6fiQg'
195,132,b'Li90cnltZQ0KcGlAcmFzcGJlcnJ5cGk6fiQg'
196,131,b'Li90cnltZQ0KcGlAcmFzcGJlcnJ5cGk6fiQg'
196,132,b'Li90cnltZQ0KcGlAcmFzcGJlcnJ5cGk6fiQg'
196,130,b'Li90cnltZQ0KcGlAcmFzcGJlcnJ5cGk6fiQg'
196,132,b'Li90cnltZQ0KcGlAcmFzcGJlcnJ5cGk6fiQg'
196,126,b'Li90cnltZQ0KcGlAcmFzcGJlcnJ5cGk6fiQg'
196,134,b'Li90cnltZQ0KcGlAcmFzcGJlcnJ5cGk6fiQg'
196,133,b'Li90cnltZQ0KcGlAcmFzcGJlcnJ5cGk6fiQg'
196,129,b'Li90cnltZQ0KcGlAcmFzcGJlcnJ5cGk6fiQg'
196,127,b'Li90cnltZQ0KcGlAcmFzcGJlcnJ5cGk6fiQg'
196,126,b'Li90cnltZQ0KcGlAcmFzcGJlcnJ5cGk6fiQg'
196,134,b'Li90cnltZQ0KcGlAcmFzcGJlcnJ5cGk6fiQg'
196,129,b'Li90cnltZQ0KcGlAcmFzcGJlcnJ5cGk6fiQg'
196,133,b'Li90cnltZQ0KcGlAcmFzcGJlcnJ5cGk6fiQg'
196,130,b'Li90cnltZQ0KcGlAcmFzcGJlcnJ5cGk6fiQg'
196,129,b'Li90cnltZQ0KcGlAcmFzcGJlcnJ5cGk6fiQg'
196,131,b'Li90cnltZQ0KcGlAcmFzcGJlcnJ5cGk6fiQg'
196,126,b'Li90cnltZQ0KcGlAcmFzcGJlcnJ5cGk6fiQg'
196,132,b'Li90cnltZQ0KcGlAcmFzcGJlcnJ5cGk6fiQg'
196,130,b'Li90cnltZQ0KcGlAcmFzcGJlcnJ5cGk6fiQg'
196,134,b'Li90cnltZQ0KcGlAcmFzcGJlcnJ5cGk6fiQg'
196,130,b'Li90cnltZQ0KcGlAcmFzcGJlcnJ5cGk6fiQg'
196,135,b'Li90cnltZQ0KcGlAcmFzcGJlcnJ5cGk6fiQg'
196,133,b'Li90cnltZQ0KcGlAcmFzcGJlcnJ5cGk6fiQg'
196,134,b'Li90cnltZQ0KcGlAcmFzcGJlcnJ5cGk6fiQg'
196,127,b'Li90cnltZQ0KcGlAcmFzcGJlcnJ5cGk6fiQg'
196,133,b'Li90cnltZQ0KcGlAcmFzcGJlcnJ5cGk6fiQg'
196,131,b'Li90cnltZQ0KcGlAcmFzcGJlcnJ5cGk6fiQg'
196,130,b'Li90cnltZQ0KcGlAcmFzcGJlcnJ5cGk6fiQg'
196,135,b'Li90cnltZQ0KcGlAcmFzcGJlcnJ5cGk6fiQg'
196,128,b'Li90cnltZQ0KcGlAcmFzcGJlcnJ5cGk6fiQg'
196,129,b'Li90cnltZQ0KcGlAcmFzcGJlcnJ5cGk6fiQg'
196,133,b'Li90cnltZQ0KcGlAcmFzcGJlcnJ5cGk6fiQg'
196,129,b'Li90cnltZQ0KcGlAcmFzcGJlcnJ5cGk6fiQg'
196,127,b'Li90cnltZQ0KcGlAcmFzcGJlcnJ5cGk6fiQg'
196,125,b'Li90cnltZQ0KcGlAcmFzcGJlcnJ5cGk6fiQg'
196,133,b'Li90cnltZQ0KcGlAcmFzcGJlcnJ5cGk6fiQg'
196,134,b'Li90cnltZQ0KcGlAcmFzcGJlcnJ5cGk6fiQg'
196,133,b'Li90cnltZQ0KcGlAcmFzcGJlcnJ5cGk6fiQg'
196,125,b'Li90cnltZQ0KcGlAcmFzcGJlcnJ5cGk6fiQg'
196,127,b'Li90cnltZQ0KcGlAcmFzcGJlcnJ5cGk6fiQg'
196,128,b'Li90cnltZQ0KcGlAcmFzcGJlcnJ5cGk6fiQg'
196,133,b'Li90cnltZQ0KcGlAcmFzcGJlcnJ5cGk6fiQg'
196,134,b'Li90cnltZQ0KcGlAcmFzcGJlcnJ5cGk6fiQg'
196,130,b'Li90cnltZQ0KcGlAcmFzcGJlcnJ5cGk6fiQg'
196,132,b'Li90cnltZQ0KcGlAcmFzcGJlcnJ5cGk6fiQg'
196,135,b'Li90cnltZQ0KcGlAcmFzcGJlcnJ5cGk6fiQg'
196,129,b'Li90cnltZQ0KcGlAcmFzcGJlcnJ5cGk6fiQg'
196,129,b'Li90cnltZQ0KcGlAcmFzcGJlcnJ5cGk6fiQg'
196,130,b'Li90cnltZQ0KcGlAcmFzcGJlcnJ5cGk6fiQg'
196,135,b'Li90cnltZQ0KcGlAcmFzcGJlcnJ5cGk6fiQg'
196,128,b'Li90cnltZQ0KcGlAcmFzcGJlcnJ5cGk6fiQg'
196,128,b'Li90cnltZQ0KcGlAcmFzcGJlcnJ5cGk6fiQg'
196,126,b'Li90cnltZQ0KcGlAcmFzcGJlcnJ5cGk6fiQg'
196,129,b'Li90cnltZQ0KcGlAcmFzcGJlcnJ5cGk6fiQg'
196,125,b'Li90cnltZQ0KcGlAcmFzcGJlcnJ5cGk6fiQg'
196,133,b'Li90cnltZQ0KcGlAcmFzcGJlcnJ5cGk6fiQg'
196,134,b'Li90cnltZQ0KcGlAcmFzcGJlcnJ5cGk6fiQg'
196,129,b'Li90cnltZQ0KcGlAcmFzcGJlcnJ5cGk6fiQg'
196,128,b'Li90cnltZQ0KcGlAcmFzcGJlcnJ5cGk6fiQg'
196,133,b'Li90cnltZQ0KcGlAcmFzcGJlcnJ5cGk6fiQg'
196,129,b'Li90cnltZQ0KcGlAcmFzcGJlcnJ5cGk6fiQg'
196,126,b'Li90cnltZQ0KcGlAcmFzcGJlcnJ5cGk6fiQg'
196,129,b'Li90cnltZQ0KcGlAcmFzcGJlcnJ5cGk6fiQg'
196,129,b'Li90cnltZQ0KcGlAcmFzcGJlcnJ5cGk6fiQg'
196,127,b'Li90cnltZQ0KcGlAcmFzcGJlcnJ5cGk6fiQg'
196,125,b'Li90cnltZQ0KcGlAcmFzcGJlcnJ5cGk6fiQg'
196,131,b'Li90cnltZQ0KcGlAcmFzcGJlcnJ5cGk6fiQg'
196,128,b'Li90cnltZQ0KcGlAcmFzcGJlcnJ5cGk6fiQg'
196,125,b'Li90cnltZQ0KcGlAcmFzcGJlcnJ5cGk6fiQg'
196,133,b'Li90cnltZQ0KcGlAcmFzcGJlcnJ5cGk6fiQg'
196,130,b'Li90cnltZQ0KcGlAcmFzcGJlcnJ5cGk6fiQg'
196,128,b'Li90cnltZQ0KcGlAcmFzcGJlcnJ5cGk6fiQg'
196,130,b'Li90cnltZQ0KcGlAcmFzcGJlcnJ5cGk6fiQg'
196,125,b'Li90cnltZQ0KcGlAcmFzcGJlcnJ5cGk6fiQg'
196,133,b'Li90cnltZQ0KcGlAcmFzcGJlcnJ5cGk6fiQg'
196,126,b'Li90cnltZQ0KcGlAcmFzcGJlcnJ5cGk6fiQg'
196,132,b'Li90cnltZQ0KcGlAcmFzcGJlcnJ5cGk6fiQg'
196,135,b'Li90cnltZQ0KcGlAcmFzcGJlcnJ5cGk6fiQg'
196,128,b'Li90cnltZQ0KcGlAcmFzcGJlcnJ5cGk6fiQg'
196,131,b'Li90cnltZQ0KcGlAcmFzcGJlcnJ5cGk6fiQg'
196,126,b'Li90cnltZQ0KcGlAcmFzcGJlcnJ5cGk6fiQg'
196,129,b'Li90cnltZQ0KcGlAcmFzcGJlcnJ5cGk6fiQg'
196,133,b'Li90cnltZQ0KcGlAcmFzcGJlcnJ5cGk6fiQg'
196,134,b'Li90cnltZQ0KcGlAcmFzcGJlcnJ5cGk6fiQg'
196,132,b'Li90cnltZQ0KcGlAcmFzcGJlcnJ5cGk6fiQg'
196,126,b'Li90cnltZQ0KcGlAcmFzcGJlcnJ5cGk6fiQg'
196,135,b'Li90cnltZQ0KcGlAcmFzcGJlcnJ5cGk6fiQg'
196,130,b'Li90cnltZQ0KcGlAcmFzcGJlcnJ5cGk6fiQg'
196,126,b'Li90cnltZQ0KcGlAcmFzcGJlcnJ5cGk6fiQg'
196,125,b'Li90cnltZQ0KcGlAcmFzcGJlcnJ5cGk6fiQg'
196,134,b'Li90cnltZQ0KcGlAcmFzcGJlcnJ5cGk6fiQg'
196,131,b'Li90cnltZQ0KcGlAcmFzcGJlcnJ5cGk6fiQg'
196,131,b'Li90cnltZQ0KcGlAcmFzcGJlcnJ5cGk6fiQg'
196,129,b'Li90cnltZQ0KcGlAcmFzcGJlcnJ5cGk6fiQg'
196,127,b'Li90cnltZQ0KcGlAcmFzcGJlcnJ5cGk6fiQg'
196,128,b'Li90cnltZQ0KcGlAcmFzcGJlcnJ5cGk6fiQg'
196,132,b'Li90cnltZQ0KcGlAcmFzcGJlcnJ5cGk6fiQg'
196,125,b'Li90cnltZQ0KcGlAcmFzcGJlcnJ5cGk6fiQg'
196,128,b'Li90cnltZQ0KcGlAcmFzcGJlcnJ5cGk6fiQg'
196,133,b'Li90cnltZQ0KcGlAcmFzcGJlcnJ5cGk6fiQg'
196,131,b'Li90cnltZQ0KcGlAcmFzcGJlcnJ5cGk6fiQg'
197,132,b'Li90cnltZQ0KcGlAcmFzcGJlcnJ5cGk6fiQg'
197,135,b'Li90cnltZQ0KcGlAcmFzcGJlcnJ5cGk6fiQg'
197,133,b'Li90cnltZQ0KcGlAcmFzcGJlcnJ5cGk6fiQg'
197,129,b'Li90cnltZQ0KcGlAcmFzcGJlcnJ5cGk6fiQg'
197,134,b'Li90cnltZQ0KcGlAcmFzcGJlcnJ5cGk6fiQg'
197,128,b'Li90cnltZQ0KcGlAcmFzcGJlcnJ5cGk6fiQg'
197,129,b'Li90cnltZQ0KcGlAcmFzcGJlcnJ5cGk6fiQg'
197,130,b'Li90cnltZQ0KcGlAcmFzcGJlcnJ5cGk6fiQg'
197,130,b'Li90cnltZQ0KcGlAcmFzcGJlcnJ5cGk6fiQg'
197,131,b'Li90cnltZQ0KcGlAcmFzcGJlcnJ5cGk6fiQg'
197,133,b'Li90cnltZQ0KcGlAcmFzcGJlcnJ5cGk6fiQg'
197,133,b'Li90cnltZQ0KcGlAcmFzcGJlcnJ5cGk6fiQg'
197,129,b'Li90cnltZQ0KcGlAcmFzcGJlcnJ5cGk6fiQg'
197,132,b'Li90cnltZQ0KcGlAcmFzcGJlcnJ5cGk6fiQg'
197,126,b'Li90cnltZQ0KcGlAcmFzcGJlcnJ5cGk6fiQg'
197,129,b'Li90cnltZQ0KcGlAcmFzcGJlcnJ5cGk6fiQg'
197,127,b'Li90cnltZQ0KcGlAcmFzcGJlcnJ5cGk6fiQg'
197,135,b'Li90cnltZQ0KcGlAcmFzcGJlcnJ5cGk6fiQg'
197,131,b'Li90cnltZQ0KcGlAcmFzcGJlcnJ5cGk6fiQg'
