195,125,b'Li90cnltZQ0KNjI1MDAwMA0KZ3JpOjEwMDAvMTAwMC8xMDAwcGlAcmFzcGJlcnJ5cGk6fiQg'
195,134,b'Li90cnltZQ0KWyAgIDgxLjM3ODQ3Ml0gVW5hYmxlIHRvIGhhbmRsZSBrZXJuZWwgTlVMTCBwb2ludGVyIGRlcmVmZXJlbmNlIGF0IHZpcnR1YWwgYWRkcmVzcyAwMDAwMDU5Ng0K'
195,131,b'IC4vdHJ5bWUNCjYyNTAwMDANCmdyaToxMDAwLzEwMDAvMTAwMHBpQHJhc3BiZXJyeXBpOn4kIA=='
195,131,b'Li90cnltZQ0KNjI1MDAwMA0KZ3JpOjEwMDAvMTAwMC8xMDAwcGlAcmFzcGJlcnJ5cGk6fiQg'
195,130,b'Li90cnltZQ0KNjI1MDAwMA0KZ3JpOjEwMDAvMTAwMC8xMDAwcGlAcmFzcGJlcnJ5cGk6fiQg'
195,133,b'Li90cnltZQ0KWyAgIDQ0LjIwNDA2NF0gVW5hYmxlIHRvIGhhbmRsZSBrZXJuZWwgcGFnaW5nIHJlcXVlc3QgYXQgdmlydHVhbCBhZGRyZXNzIGQ1NTU3NzdkDQpbICAgNDQuMjEzMTM2XSBwZ2QgPSBmOWRkYmQxOA0KWyAgIDQ0LjIxNjcwN10gW2Q1NTU3NzdkXSAqcGdkPTAwMDAwMDAwDQpbICAgNDQuMjIxMTcyXSBJbnRlcm5hbCBlcnJvcjogT29wczogNSBbIzFdIFNNUCBBUk0NClsgICA0NC4yMjY2OTRdIE1vZHVsZXMgbGlua2VkIGluOiBibmVwIGhjaV91YXJ0IGJ0YmNtIHNlcmRldiBibHVldG9vdGggZWNkaF9nZW5lcmljIHNoYTI1Nl9nZW5lcmljIGNmZzgwMjExIHJma2lsbCA4MDIxcSBnYXJwIHN0cCBsbGMgc25kX2JjbTI4MzUoQykgYmNtMjgzNV9jb2RlYyhDKSBzbmRfcGNtIGJjbTI4MzVfdjRsMihDKSB2NGwyX21lbTJtZW0gcmFzcGJlcnJ5cGlfaHdtb24gdmlkZW9idWYyX2RtYV9jb250aWcgaHdtb24gc25kX3RpbWVyIGJjbTI4MzVfbW1hbF92Y2hpcShDKSB2NGwyX2NvbW1vbiB2aWRlb2J1ZjJfdm1hbGxvYyB2aWRlb2J1ZjJfbWVtb3BzIHNuZCB2aWRlb2J1ZjJfdjRsMiB2aWRlb2J1ZjJfY29tbW9uIHZjX3NtX2NtYShDKSB2aWRlb2RldiBtZWRpYSB1aW9fcGRydl9nZW5pcnEgdWlvIGZpeGVkIGlwX3RhYmxlcyB4X3RhYmxlcyBpcHY2DQpbICAgNDQuMjcxNjg1XSBDUFU6IDMgUElEOiA0MzQgQ29tbTogdHJ5bWUgVGFpbnRlZDogRyAgICAgICAgIEMgICAgICAgIDQuMTkuNzUtdjcrICMxMjcwDQpbICAgNDQuMjgxODg2XSBIYXJkd2FyZSBuYW1lOiBCQ00yODM1DQpbICAgNDQuMjg2NTAwXSBQQyBpcyBhdCBjYXBfY2FwYWJsZSsweDE0LzB4OGMNClsgICA0NC4yOTE3OTddIExSIGlzIGF0IG5zX2NhcGFibGVfY29tbW9uKzB4OWMvMHhiMA0KWyAgIDQ0LjI5Nzc3MV0gcGMgOiBbPDgwNGExNjZjPl0gICAgbHIgOiBbPDgwMTJiM2NjPl0gICAgcHNyOiAyMDAwMDAxMw0KWyAgIDQ0LjMwNjc2Ml0gc3AgOiBiNDQ4ZmYzMCAgaXAgOiBiNDQ4ZmY0MCAgZnAgOiBiNDQ4ZmYzYw0KWyAgIDQ0LjMxNDY5Ml0gcjEwOiAwMDAwMDAwMCAgcjkgOiAwMDAwMDAwMCAgcjggOiAwMDAwMDAwMA0KWyAgIDQ0LjMyMjYyMl0gcjcgOiAwMDAwMDAwMCAgcjYgOiAwMDAwMDAwMCAgcjUgOiAwMDAwMDAwMCAgcjQgOiBiNTk2MTAwMA0KWyAgIDQ0LjMzMTg3OF0gcjMgOiAwMDAwMDAwMSAgcjIgOiAwMDAwMDAwNyAgcjEgOiA4MGQwZDY0MCAgcjAgOiBkNTU1NzcxNQ0KWyAgIDQ0LjM0MTA0MV0gRmxhZ3M6IG56Q3YgIElSUXMgb24gIEZJUXMgb24gIE1vZGUgU1ZDXzMyICBJU0EgQVJNICBTZWdtZW50IHVzZXINClsgICA0NC4zNTA4MjBdIENvbnRyb2w6IDEwYzUzODNkICBUYWJsZTogMzQ1MzgwNmEgIERBQzogMDAwMDAwNTUNClsgICA0NC4zNTkyMzhdIFByb2Nlc3MgdHJ5bWUgKHBpZDogNDM0LCBzdGFjayBsaW1pdCA9IDB4YzY4NDYwMGYpDQpbICAgNDQuMzY3ODAxXSBTdGFjazogKDB4YjQ0OGZmMzAgdG8gMHhiNDQ5MDAwMCkNClsgICA0NC4zNzQ4NTddIGZmMjA6ICAgICAgICAgICAgICAgICAgICAgICAgICAgICAgICAgICAgIGI0NDhmZjRjIGI0NDhmZjQwIDgwMTJiM2NjIDgwNGExNjY0DQpbICAgNDQuMzg4MzAxXSBmZjQwOiBiNDQ4ZmY1YyBiNDQ4ZmY1MCA4MDEyYjNmYyA4MDEyYjMzYyBiNDQ4ZmY5NCBiNDQ4ZmY2MCA4MDEzNTA3MCA4MDEyYjNlYw0KWyAgIDQ0LjQwMTY3MF0gZmY2MDogMDAwMDAwMDMgYjU5NjEwODAgMDAwMDAwMTAgMDAwMDAwMDAgMDAwMDAwMDAgMDAwMDAwMDAgMDAwMDAwZDAgODAxMDExYzQNClsgICA0NC40MTUwMzRdIGZmODA6IGI0NDhlMDAwIDAwMDAwMGQwIGI0NDhmZmE0IGI0NDhmZjk4IDgwMTM1MWIwIDgwMTM0ZmIwIDAwMDAwMDAwIGI0NDhmZmE4DQpbICAgNDQuNDI4NDgxXSBmZmEwOiA4MDEwMTAwMCA4MDEzNTFhNCAwMDAwMDAwMCAwMDAwMDAwMCAwMDAwMDAwMCAwMDAwMDAwMCAwMDAwMDAwMCAwMDAwMDAwMA0KWyAgIDQ0LjQ0MjIyMV0gZmZjMDogMDAwMDAwMDAgMDAwMDAwMDAgMDAwMDAwMDAgMDAwMDAwZDAgMDAwMDAwMDAgMDAwMDAwMDAgMDAwMDAwMDAgN2U4NGJiYzQNClsgICA0NC40NTYyNzVdIGZmZTA6IDc2ZTU0Njk0IDdlODRiYjc4IDAwMDEwOWQ4IDAwMDEwNzY4IDAwMDAwMDEwIDAwMDAwMDAwIDAwMDAwMDAwIDAwMDAwMDAwDQpbICAgNDQuNDcwNTU4XSBbPDgwNGExNjZjPl0gKGNhcF9jYXBhYmxlKSBmcm9tIFs8ODAxMmIzY2M+XSAobnNfY2FwYWJsZV9jb21tb24rMHg5Yy8weGIwKQ0KWyAgIDQ0LjQ4NDk4NV0gWzw4MDEyYjNjYz5dIChuc19jYXBhYmxlX2NvbW1vbikgZnJvbSBbPDgwMTJiM2ZjPl0gKG5zX2NhcGFibGUrMHgxYy8weDIwKQ0KWyAgIDQ0LjQ5OTQ5OV0gWzw4MDEyYjNmYz5dIChuc19jYXBhYmxlKSBmcm9tIFs8ODAxMzUwNzA+XSAoX19zeXNfc2V0cmVzdWlkKzB4Y2MvMHgxZjQpDQpbICAgNDQuNTE0MTA4XSBbPDgwMTM1MDcwPl0gKF9fc3lzX3NldHJlc3VpZCkgZnJvbSBbPDgwMTM1MWIwPl0gKHN5c19zZXRyZXN1aWQrMHgxOC8weDFjKQ0KWyAgIDQ0LjUyOTEwMF0gWzw4MDEzNTFiMD5dIChzeXNfc2V0cmVzdWlkKSBmcm9tIFs8ODAxMDEwMDA+XSAocmV0X2Zhc3Rfc3lzY2FsbCsweDAvMHgyOCkNClsgICA0NC41NDQxNjZdIEV4Y2VwdGlvbiBzdGFjaygweGI0NDhmZmE4IHRvIDB4YjQ0OGZmZjApDQpbICAgNDQuNTUwODAxXSBmZmEwOiAgICAgICAgICAgICAgICAgICAwMDAwMDAwMCAwMDAwMDAwMCAwMDAwMDAwMCAwMDAwMDAwMCAwMDAwMDAwMCAwMDAwMDAwMA0KWyAgIDQ0LjU2MjA3MV0gZmZjMDogMDAwMDAwMDAgMDAwMDAwMDAgMDAwMDAwMDAgMDAwMDAwZDAgMDAwMDAwMDAgMDAwMDAwMDAgMDAwMDAwMDAgN2U4NGJiYzQNClsgICA0NC41NzMzMjVdIGZmZTA6IDc2ZTU0Njk0IDdlODRiYjc4IDAwMDEwOWQ4IDAwMDEwNzY4DQpbICAgNDQuNTc5OTE4XSBDb2RlOiBlOTJkZDgwMCBlMjRjYjAwNCBlNTJkZTAwNCBlOGJkNDAwMCAoZTU5MDMwNjgpIA0KWyAgIDQ0LjU4NzU1Nl0gLS0tWyBlbmQgdHJhY2UgYWY3Y2Y3ZTlhYmM4NGMyNCBdLS0tDQpTZWdtZW50YXRpb24gZmF1bHQNCg0NCgdNZXNzYWdlIGZyb20gc3lzbG9nZEByYXNwYmVycnlwaSBhdCBTZXAgMjYgMDU6MjU6MTAgLi4uDQ0KIGtlcm5lbDpbICAgNDQuMjIxMTcyXSBJbnRlcm5hbCBlcnJvcjogT29wczogNSBbIzFdIFNNUCBBUk0NCg0NDQoHTWVzc2FnZSBmcm9tIHN5c2xvZ2RAcmFzcGJlcnJ5cGkgYXQgU2VwIDI2IDA1OjI1OjEwIC4uLg0NCiBrZXJuZWw6WyAgIDQ0LjM1OTIzOF0gUHJvY2VzcyB0cnltZSAocGlkOiA0MzQsIHN0YWNrIGxpbWl0ID0gMHhjNjg0NjAwZikNCg0NDQoHTWVzc2FnZSBmcm9tIHN5c2xvZ2RAcmFzcGJlcnJ5cGkgYXQgU2VwIDI2IDA1OjI1OjEwIC4uLg0NCiBrZXJuZWw6WyAgIDQ0LjM2NzgwMV0gU3RhY2s6ICgweGI0NDhmZjMwIHRvIDB4YjQ0OTAwMDApDQoNDQ0KB01lc3NhZ2UgZnJvbSBzeXNsb2dkQHJhc3BiZXJyeXBpIGF0IFNlcCAyNiAwNToyNToxMCAuLi4NDQoga2VybmVsOlsgICA0NC4zNzQ4NTddIGZmMjA6ICAgICAgICAgICAgICAgICAgICAgICAgICAgICAgICAgICAgIGI0NDhmZjRjIGI0NDhmZjQwIDgwMTJiM2NjIDgwNGExNjY0DQoNDQ0KB01lc3NhZ2UgZnJvbSBzeXNsb2dkQHJhc3BiZXJyeXBpIGF0IFNlcCAyNiAwNToyNToxMCAuLi4NDQoga2VybmVsOlsgICA0NC4zODgzMDFdIGZmNDA6IGI0NDhmZjVjIGI0NDhmZjUwIDgwMTJiM2ZjIDgwMTJiMzNjIGI0NDhmZjk0IGI0NDhmZjYwIDgwMTM1MDcwIDgwMTJiM2VjDQoNDQ0KB01lc3NhZ2UgZnJvbSBzeXNsb2dkQHJhc3BiZXJyeXBpIGF0IFNlcCAyNiAwNToyNToxMCAuLi4NDQoga2VybmVsOlsgICA0NC40MDE2NzBdIGZmNjA6IDAwMDAwMDAzIGI1OTYxMDgwIDAwMDAwMDEwIDAwMDAwMDAwIDAwMDAwMDAwIDAwMDAwMDAwIDAwMDAwMGQwIDgwMTAxMWM0DQoNDQ0KB01lc3NhZ2UgZnJvbSBzeXNsb2dkQHJhc3BiZXJyeXBpIGF0IFNlcCAyNiAwNToyNToxMCAuLi4NDQoga2VybmVsOlsgICA0NC40MTUwMzRdIGZmODA6IGI0NDhlMDAwIDAwMDAwMGQwIGI0NDhmZmE0IGI0NDhmZjk4IDgwMTM1MWIwIDgwMTM0ZmIwIDAwMDAwMDAwIGI0NDhmZmE4DQoNDQ0KB01lc3NhZ2UgZnJvbSBzeXNsb2dkQHJhc3BiZXJyeXBpIGF0IFNlcCAyNiAwNToyNToxMCAuLi4NDQoga2VybmVsOlsgICA0NC40Mjg0ODFdIGZmYTA6IDgwMTAxMDAwIDgwMTM1MWE0IDAwMDAwMDAwIDAwMDAwMDAwIDAwMDAwMDAwIDAwMDAwMDAwIDAwMDAwMDAwIDAwMDAwMDAwDQoNDQ0KB01lc3NhZ2UgZnJvbSBzeXNsb2dkQHJhc3BiZXJyeXBpIGF0IFNlcCAyNiAwNToyNToxMCAuLi4NDQoga2VybmVsOlsgICA0NC40NDIyMjFdIGZmYzA6IDAwMDAwMDAwIDAwMDAwMDAwIDAwMDAwMDAwIDAwMDAwMGQwIDAwMDAwMDAwIDAwMDAwMDAwIDAwMDAwMDAwIDdlODRiYmM0DQoNDQ0KB01lc3NhZ2UgZnJvbSBzeXNsb2dkQHJhc3BiZXJyeXBpIGF0IFNlcCAyNiAwNToyNToxMCAuLi4NDQoga2VybmVsOlsgICA0NC40NTYyNzVdIGZmZTA6IDc2ZTU0Njk0IDdlODRiYjc4IDAwMDEwOWQ4IDAwMDEwNzY4IDAwMDAwMDEwIDAwMDAwMDAwIDAwMDAwMDAwIDAwMDAwMDAwDQoNDQ0KB01lc3NhZ2UgZnJvbSBzeXNsb2dkQHJhc3BiZXJyeXBpIGF0IFNlcCAyNiAwNToyNToxMCAuLi4NDQoga2VybmVsOlsgICA0NC41Nzk5MThdIENvZGU6IGU5MmRkODAwIGUyNGNiMDA0IGU1MmRlMDA0IGU4YmQ0MDAwIChlNTkwMzA2OCkgDQoNcGlAcmFzcGJlcnJ5cGk6fiQg'
195,130,b'Li90cnltZQ0KNjI1MDAwMA0KZ3JpOjEwMDAvMTAwMC8xMDAwcGlAcmFzcGJlcnJ5cGk6fiQgWyAgIDQ1LjUxMTgxM10gVm9sdGFnZSBub3JtYWxpc2VkICgweDAwMDAwMDAwKQ0K'
195,135,b'Li90cnltZQ0KNjI1MDAwMA0KZ3JpOjEwMDAvMTAwMC8xMDAwcGlAcmFzcGJlcnJ5cGk6fiQg'
195,129,b'Li90cnltZQ0KNjI1MDAwMA0KZ3JpOjEwMDAvMTAwMC8xMDAwcGlAcmFzcGJlcnJ5cGk6fiQg'
195,127,b'Li90cnltZQ0KNjI1MDAwMA0KZ3JpOjEwMDAvMTAwMC8xMDAwcGlAcmFzcGJlcnJ5cGk6fiQg'
195,134,b'Li90cnltZQ0KNjI1MDAwMA0KZ3JpOjEwMDAvMTAwMC8xMDAwcGlAcmFzcGJlcnJ5cGk6fiQg'
195,128,b'Li90cnltZQ0KNjI1MDAwMA0KZ3JpOjEwMDAvMTAwMC8xMDAwcGlAcmFzcGJlcnJ5cGk6fiQg'
195,133,b'Li90cnltZQ0KNjI1MDAwMA0KZ3JpOjEwMDAvMTAwMC8xMDAwcGlAcmFzcGJlcnJ5cGk6fiQg'
195,131,b'Li90cnltZQ0KNjI1MDAwMA0KZ3JpOjEwMDAvMTAwMC8xMDAwcGlAcmFzcGJlcnJ5cGk6fiQg'
195,127,b'Li90cnltZQ0KNjI1MDAwMA0KZ3JpOjEwMDAvMTAwMC8xMDAwcGlAcmFzcGJlcnJ5cGk6fiQg'
195,127,b'Li90cnltZQ0KNjI1MDAwMA0KZ3JpOjEwMDAvMTAwMC8xMDAwcGlAcmFzcGJlcnJ5cGk6fiQg'
195,129,b'Li90cnltZQ0KNjI1MDAwMA0KZ3JpOjEwMDAvMTAwMC8xMDAwcGlAcmFzcGJlcnJ5cGk6fiQg'
195,127,b'Li90cnltZQ0KNjI1MDAwMA0KZ3JpOjEwMDAvMTAwMC8xMDAwcGlAcmFzcGJlcnJ5cGk6fiQg'
195,129,b'Li90cnltZQ0KNjI1MDAwMA0KZ3JpOjEwMDAvMTAwMC8xMDAwcGlAcmFzcGJlcnJ5cGk6fiQg'
195,132,b'Li90cnltZQ0KNjI1MDAwMA0KZ3JpOjEwMDAvMTAwMC8xMDAwcGlAcmFzcGJlcnJ5cGk6fiQg'
195,131,b'Li90cnltZQ0KNjI1MDAwMA0KZ3JpOjEwMDAvMTAwMC8xMDAwcGlAcmFzcGJlcnJ5cGk6fiQg'
195,134,b'Li90cnltZQ0KWyAgIDU2LjMzNDE0NF0gVW5hYmxlIHRvIGhhbmRsZSBrZXJuZWwgcGFnaW5nIHJlcXVlc3QgYXQgdmlydHVhbCBhZGRyZXNzIDQ1NTU1N2JmDQpbICAgNTYuMzQzMDA3XSBwZ2QgPSBlM2VjYjJmNg0KWyAgIDU2LjM0NzExMV0gWzQ1NTU1N2JmXSAqcGdkPTAwMDAwMDAwDQpbICAgNTYuMzUyMTE0XSBJbnRlcm5hbCBlcnJvcjogT29wczogNSBbIzJdIFNNUCBBUk0NClsgICA1Ni4zNTgxMjJdIE1vZHVsZXMgbGlua2VkIGluOiBibmVwIGhjaV91YXJ0IGJ0YmNtIHNlcmRldiBibHVldG9vdGggZWNkaF9nZW5lcmljIHNoYTI1Nl9nZW5lcmljIGNmZzgwMjExIHJma2lsbCA4MDIxcSBnYXJwIHN0cCBsbGMgc25kX2JjbTI4MzUoQykgYmNtMjgzNV9jb2RlYyhDKSBzbmRfcGNtIGJjbTI4MzVfdjRsMihDKSB2NGwyX21lbTJtZW0gcmFzcGJlcnJ5cGlfaHdtb24gdmlkZW9idWYyX2RtYV9jb250aWcgaHdtb24gc25kX3RpbWVyIGJjbTI4MzVfbW1hbF92Y2hpcShDKSB2NGwyX2NvbW1vbiB2aWRlb2J1ZjJfdm1hbGxvYyB2aWRlb2J1ZjJfbWVtb3BzIHNuZCB2aWRlb2J1ZjJfdjRsMiB2aWRlb2J1ZjJfY29tbW9uIHZjX3NtX2NtYShDKSB2aWRlb2RldiBtZWRpYSB1aW9fcGRydl9nZW5pcnEgdWlvIGZpeGVkIGlwX3RhYmxlcyB4X3RhYmxlcyBpcHY2DQpbICAgNTYuNDA1MDA4XSBDUFU6IDAgUElEOiA0NTIgQ29tbTogdHJ5bWUgVGFpbnRlZDogRyAgICAgIEQgIEMgICAgICAgIDQuMTkuNzUtdjcrICMxMjcwDQpbICAgNTYuNDE1NDg2XSBIYXJkd2FyZSBuYW1lOiBCQ00yODM1DQpbICAgNTYuNDIwMTc5XSBQQyBpcyBhdCBjYXBfY2FwYWJsZSsweDE0LzB4OGMNClsgICA1Ni40MjU1NTldIExSIGlzIGF0IG5zX2NhcGFibGVfY29tbW9uKzB4OWMvMHhiMA0KWyAgIDU2LjQzMjk4NF0gcGMgOiBbPDgwNGExNjZjPl0gICAgbHIgOiBbPDgwMTJiM2NjPl0gICAgcHNyOiAyMDAwMDAxMw0KWyAgIDU2LjQ0MjA4Ml0gc3AgOiBiNWJlM2YzMCAgaXAgOiBiNWJlM2Y0MCAgZnAgOiBiNWJlM2YzYw0KWyAgIDU2LjQ1MDEwMF0gcjEwOiAwMDAwMDAwMCAgcjkgOiAwMDAwMDAwMCAgcjggOiAwMDAwMDAwMA0KWyAgIDU2LjQ1ODA4OV0gcjcgOiAwMDAwMDAwMCAgcjYgOiAwMDAwMDAwMCAgcjUgOiAwMDAwMDAwMCAgcjQgOiBiNjZjZjQ4MA0KWyAgIDU2LjQ2NzM2MV0gcjMgOiAwMDAwMDAwMSAgcjIgOiAwMDAwMDAwNyAgcjEgOiA4MGQwZDY0MCAgcjAgOiA0NTU1NTc1Nw0KWyAgIDU2LjQ3NjYxMV0gRmxhZ3M6IG56Q3YgIElSUXMgb24gIEZJUXMgb24gIE1vZGUgU1ZDXzMyICBJU0EgQVJNICBTZWdtZW50IHVzZXINClsgICA1Ni40ODY0ODBdIENvbnRyb2w6IDEwYzUzODNkICBUYWJsZTogMzY1OWMwNmEgIERBQzogMDAwMDAwNTUNClsgICA1Ni40OTQ5MDRdIFByb2Nlc3MgdHJ5bWUgKHBpZDogNDUyLCBzdGFjayBsaW1pdCA9IDB4NmRkNmYxYTEpDQpbICAgNTYuNTAzNDcxXSBTdGFjazogKDB4YjViZTNmMzAgdG8gMHhiNWJlNDAwMCkNClsgICA1Ni41MTA1MzddIDNmMjA6ICAgICAgICAgICAgICAgICAgICAgICAgICAgICAgICAgICAgIGI1YmUzZjRjIGI1YmUzZjQwIDgwMTJiM2NjIDgwNGExNjY0DQpbICAgNTYuNTI0MDA2XSAzZjQwOiBiNWJlM2Y1YyBiNWJlM2Y1MCA4MDEyYjNmYyA4MDEyYjMzYyBiNWJlM2Y5NCBiNWJlM2Y2MCA4MDEzNTA3MCA4MDEyYjNlYw0KWyAgIDU2LjUzNzQwMV0gM2Y2MDogMDAwMDAwMDMgYjY2Y2Y0MDAgMDAwMDAwMTAgMDAwMDAwMDAgMDAwMDAwMDAgMDAwMDAwMDAgMDAwMDAwZDAgODAxMDExYzQNClsgICA1Ni41NTA3OTBdIDNmODA6IGI1YmUyMDAwIDAwMDAwMGQwIGI1YmUzZmE0IGI1YmUzZjk4IDgwMTM1MWIwIDgwMTM0ZmIwIDAwMDAwMDAwIGI1YmUzZmE4DQpbICAgNTYuNTY0MjUzXSAzZmEwOiA4MDEwMTAwMCA4MDEzNTFhNCAwMDAwMDAwMCAwMDAwMDAwMCAwMDAwMDAwMCAwMDAwMDAwMCAwMDAwMDAwMCAwMDAwMDAwMA0KWyAgIDU2LjU3ODAwNV0gM2ZjMDogMDAwMDAwMDAgMDAwMDAwMDAgMDAwMDAwMDAgMDAwMDAwZDAgMDAwMDAwMDAgMDAwMDAwMDAgMDAwMDAwMDAgN2VjYzhiYzQNClsgICA1Ni41OTIwODFdIDNmZTA6IDc2ZWMzNjk0IDdlY2M4Yjc4IDAwMDEwOWQ4IDAwMDEwNzY4IDAwMDAwMDEwIDAwMDAwMDAwIDAwMDAwMDAwIDAwMDAwMDAwDQpbICAgNTYuNjA2Mzg3XSBbPDgwNGExNjZjPl0gKGNhcF9jYXBhYmxlKSBmcm9tIFs8ODAxMmIzY2M+XSAobnNfY2FwYWJsZV9jb21tb24rMHg5Yy8weGIwKQ0KWyAgIDU2LjYyMDgzMl0gWzw4MDEyYjNjYz5dIChuc19jYXBhYmxlX2NvbW1vbikgZnJvbSBbPDgwMTJiM2ZjPl0gKG5zX2NhcGFibGUrMHgxYy8weDIwKQ0KWyAgIDU2LjYzNTM2OF0gWzw4MDEyYjNmYz5dIChuc19jYXBhYmxlKSBmcm9tIFs8ODAxMzUwNzA+XSAoX19zeXNfc2V0cmVzdWlkKzB4Y2MvMHgxZjQpDQpbICAgNTYuNjQ5OTk0XSBbPDgwMTM1MDcwPl0gKF9fc3lzX3NldHJlc3VpZCkgZnJvbSBbPDgwMTM1MWIwPl0gKHN5c19zZXRyZXN1aWQrMHgxOC8weDFjKQ0KWyAgIDU2LjY2NDk5OF0gWzw4MDEzNTFiMD5dIChzeXNfc2V0cmVzdWlkKSBmcm9tIFs8ODAxMDEwMDA+XSAocmV0X2Zhc3Rfc3lzY2FsbCsweDAvMHgyOCkNClsgICA1Ni42ODAwNzRdIEV4Y2VwdGlvbiBzdGFjaygweGI1YmUzZmE4IHRvIDB4YjViZTNmZjApDQpbICAgNTYuNjg4NzA4XSAzZmEwOiAgICAgICAgICAgICAgICAgICAwMDAwMDAwMCAwMDAwMDAwMCAwMDAwMDAwMCAwMDAwMDAwMCAwMDAwMDAwMCAwMDAwMDAwMA0KWyAgIDU2LjcwMzg5OF0gM2ZjMDogMDAwMDAwMDAgMDAwMDAwMDAgMDAwMDAwMDAgMDAwMDAwZDAgMDAwMDAwMDAgMDAwMDAwMDAgMDAwMDAwMDAgN2VjYzhiYzQNClsgICA1Ni43MTkwNDZdIDNmZTA6IDc2ZWMzNjk0IDdlY2M4Yjc4IDAwMDEwOWQ4IDAwMDEwNzY4DQpbICAgNTYuNzI3NTc3XSBDb2RlOiBlOTJkZDgwMCBlMjRjYjAwNCBlNTJkZTAwNCBlOGJkNDAwMCAoZTU5MDMwNjgpIA0KDQ0KB01lc3NbICAgNTYuNzM3MzAxXSAtLS1bIGVuZCB0cmFjZSBhZjdjZjdlOWFiYzg0YzI1IF0tLS0NCmFnZSBmcm9tIHN5c2xvZ2RAcmFzcGJlcnJ5cGkgYXQgU2VwIDI2IDA1OjI1OjIyIC4uLg0NCiBrZXJuZWw6WyAgIDU2LjM1MjExNF0gSW50ZXJuYWwgZXJyb3I6IE9vcHM6IDUgWyMyXSBTTVAgQVJNDQoNDQ0KB01lc3NhZ2UgZnJvbSBzeXNsb2dkQHJhc3BiZXJyeXBpIGF0IFNlcCAyNiAwNToyNToyMyAuLi4NDQoga2VybmVsOlsgICA1Ni40OTQ5MDRdIFByb2Nlc3MgdHJ5bWUgKHBpZDogNDUyLCBzdGFjayBsaW1pdCA9IDB4NmRkNmYxYTEpDQoNDQ0KB01lc3NhZ2UgZnJvbSBzeXNsb2dkQHJhc3BiZXJyeXBpIGF0IFNlcCAyNiAwNToyNToyMyAuLi4NDQoga2VybmVsOlsgICA1Ni41MDM0NzFdIFN0YWNrOiAoMHhiNWJlM2YzMCB0byAweGI1YmU0MDAwKQ0KDQ0NCgdNZXNzYWdlIGZyb20gc3lzbG9nZEByYXNwYmVycnlwaSBhdCBTZXAgMjYgMDU6MjU6MjMgLi4uDQ0KIGtlcm5lbDpbICAgNTYuNTEwNTM3XSAzZjIwOiAgICAgICAgICAgICAgICAgICAgICAgICAgICAgICAgICAgICBiNWJlM2Y0YyBiNWJlM2Y0MCA4MDEyYjNjYyA4MDRhMTY2NA0KDQ0NCgdNZXNzYWdlIGZyb20gc3lzbG9nZEByYXNwYmVycnlwaSBhdCBTZXAgMjYgMDU6MjU6MjMgLi4uDQ0KIGtlcm5lbDpbICAgNTYuNTI0MDA2XSAzZjQwOiBiNWJlM2Y1YyBiNWJlM2Y1MCA4MDEyYjNmYyA4MDEyYjMzYyBiNWJlM2Y5NCBiNWJlM2Y2MCA4MDEzNTA3MCA4MDEyYjNlYw0KDQ0NCgdNZXNzYWdlIGZyb20gc3lzbG9nZEByYXNwYmVycnlwaSBhdCBTZXAgMjYgMDU6MjU6MjMgLi4uDQ0KIGtlcm5lbDpbICAgNTYuNTM3NDAxXSAzZjYwOiAwMDAwMDAwMyBiNjZjZjQwMCAwMDAwMDAxMCAwMDAwMDAwMCAwMDAwMDAwMCAwMDAwMDAwMCAwMDAwMDBkMCA4MDEwMTFjNA0KDQ0NCgdNZXNzYWdlIGZyb20gc3lzbG9nZEByYXNwYmVycnlwaSBhdCBTZXAgMjYgMDU6MjU6MjMgLi4uDQ0KIGtlcm5lbDpbICAgNTYuNTUwNzkwXSAzZjgwOiBiNWJlMjAwMCAwMDAwMDBkMCBiNWJlM2ZhNCBiNWJlM2Y5OCA4MDEzNTFiMCA4MDEzNGZiMCAwMDAwMDAwMCBiNWJlM2ZhOA0KDQ0NCgdNZXNzYWdlIGZyb20gc3lzbG9nZEByYXNwYmVycnlwaSBhdCBTZXAgMjYgMDU6MjU6MjMgLi4uDQ0KIGtlcm5lbDpbICAgNTYuNTY0MjUzXSAzZmEwOiA4MDEwMTAwMCA4MDEzNTFhNCAwMDAwMDAwMCAwMDAwMDAwMCAwMDAwMDAwMCAwMDAwMDAwMCAwMDAwMDAwMCAwMDAwMDAwMA0KDQ0NCgdNZXNzYWdlIGZyb20gc3lzbG9nZEByYXNwYmVycnlwaSBhdCBTZXAgMjYgMDU6MjU6MjMgLi4uDQ0KIGtlcm5lbDpbICAgNTYuNTc4MDA1XSAzZmMwOiAwMDAwMDAwMCAwMDAwMDAwMCAwMDAwMDAwMCAwMDAwMDBkMCAwMDAwMDAwMCAwMDAwMDAwMCAwMDAwMDAwMCA3ZWNjOGJjNA0KDQ0NCgdNZXNzYWdlIGZyb20gc3lzbG9nZEByYXNwYmVycnlwaSBhdCBTZXAgMjYgMDU6MjU6MjMgLi4uDQ0KIGtlcm5lbDpbICAgNTYuNTkyMDgxXSAzZmUwOiA3NmVjMzY5NCA3ZWNjOGI3OCAwMDAxMDlkOCAwMDAxMDc2OCAwMDAwMDAxMCAwMDAwMDAwMCAwMDAwMDAwMCAwMDAwMDAwMA0KDQ0NCgdNZXNzYWdlIGZyb20gc3lzbG9nZEByYXNwYmVycnlwaSBhdCBTZXAgMjYgMDU6MjU6MjMgLi4uDQ0KIGtlcm5lbDpbICAgNTYuNzI3NTc3XSBDb2RlOiBlOTJkZDgwMCBlMjRjYjAwNCBlNTJkZTAwNCBlOGJkNDAwMCAoZTU5MDMwNjgpIA0KDVNlZ21lbnRhdGlvbiBmYXVsdA0KcGlAcmFzcGJlcnJ5cGk6fiQg'
195,128,b'Li90cnltZQ0KNjI1MDAwMA0KZ3JpOjEwMDAvMTAwMC8xMDAwcGlAcmFzcGJlcnJ5cGk6fiQg'
195,130,b'Li90cnltZQ0KNjI1MDAwMA0KZ3JpOjEwMDAvMTAwMC8xMDAwcGlAcmFzcGJlcnJ5cGk6fiQg'
195,130,b'Li90cnltZQ0KNjI1MDAwMA0KZ3JpOjEwMDAvMTAwMC8xMDAwcGlAcmFzcGJlcnJ5cGk6fiQg'
195,132,b'Li90cnltZQ0KNjI1MDAwMA0KZ3JpOjEwMDAvMTAwMC8xMDAwcGlAcmFzcGJlcnJ5cGk6fiQg'
195,126,b'Li90cnltZQ0KWyAgIDYwLjEyNDA3N10gVW5hYmxlIHRvIGhhbmRsZSBrZXJuZWwgTlVMTCBwb2ludGVyIGRlcmVmZXJlbmNlIGF0IHZpcnR1YWwgYWRkcmVzcyAwMDAwMDAwMA0K'
195,129,b'IC4vdHJ5bWUNCjYyNTAwMDANCmdyaToxMDAwLzEwMDAvMTAwMHBpQHJhc3BiZXJyeXBpOn4kIA=='
195,126,b'Li90cnltZQ0KWyAgIDQyLjMyNDA2NF0gVW5hYmxlIHRvIGhhbmRsZSBrZXJuZWwgTlVMTCBwb2ludGVyIGRlcmVmZXJlbmNlIGF0IHZpcnR1YWwgYWRkcmVzcyAwMDAwMDBjOA0KWyAgIDQyLjMzNDE4MV0gcGdkID0gMzk1NWRiNzkNClsgICA0Mi4zMzc3ODRdIFswMDAwMDBjOF0gKnBnZD0zM2NlNjgzNSwgKnB0ZT0wMDAwMDAwMCwgKnBwdGU9MDAwMDAwMDANCg0NCgdNZXNzWyAgIDQyLjM0NTA5Nl0gSW50ZXJuYWwgZXJyb3I6IE9vcHM6IDE3IFsjMV0gU01QIEFSTQ0KYWdlIGZyb20gc3lzbG9nZEByYXNwYmVycnlwaSBhdCBTZXAgMjYgMDU6MjU6MDkgLi4uDQ0KIGtlcm5lbDpbICAgNDIuMzQ1MDk2XSBJbnRbICAgNDIuMzUwOTg1XSBNb2R1bGVzIGxpbmtlZCBpbjogYm5lcCBoY2lfdWFydCBidGJjbSBzZXJkZXYgYmx1ZXRvb3RoIGVjZGhfZ2VuZXJpYyBzaGEyNTZfZ2VuZXJpYyBjZmc4MDIxMSByZmtpbGwgODAyMXEgZ2FycCBzdHAgbGxjIHNuZF9iY20yODM1KEMpIHNuZF9wY20gc25kX3RpbWVyIHJhc3BiZXJyeXBpX2h3bW9uIGh3bW9uIHNuZCBiY20yODM1X2NvZGVjKEMpIGJjbTI4MzVfdjRsMihDKSB2NGwyX21lbTJtZW0gYmNtMjgzNV9tbWFsX3ZjaGlxKEMpIHZpZGVvYnVmMl9kbWFfY29udGlnIHY0bDJfY29tbW9uIHZpZGVvYnVmMl92bWFsbG9jIHZpZGVvYnVmMl9tZW1vcHMgdmlkZW9idWYyX3Y0bDIgdmlkZW9idWYyX2NvbW1vbiB2aWRlb2RldiBtZWRpYSB2Y19zbV9jbWEoQykgZml4ZWQgdWlvX3BkcnZfZ2VuaXJxIHVpbyBpcF90YWJsZXMgeF90YWJsZXMgaXB2Ng0KZXJuYWwgZXJyb3I6IE9vcHM6IDE3IFsjMV0gU01QIEFSTQ0KDVsgICA0Mi4zOTcwMDFdIENQVTogMSBQSUQ6IDQzOCBDb21tOiB0cnltZSBUYWludGVkOiBHICAgICAgICAgQyAgICAgICAgNC4xOS43NS12NysgIzEyNzANClsgICA0Mi40MTA1MzNdIEhhcmR3YXJlIG5hbWU6IEJDTTI4MzUNClsgICA0Mi40MTY4NTddIFBDIGlzIGF0IGNhcF9jYXBhYmxlKzB4MmMvMHg4Yw0KWyAgIDQyLjQyMzgzMF0gTFIgaXMgYXQgICAobnVsbCkNClsgICA0Mi40Mjk1NjddIHBjIDogWzw4MDRhMTY4ND5dICAgIGxyIDogWzwwMDAwMDAwMD5dICAgIHBzcjogYTAwMDAwMTMNClsgICA0Mi40Mzg3MjJdIHNwIDogYjdlNjVmMzAgIGlwIDogYjdlNjVmNDAgIGZwIDogYjdlNjVmM2MNClsgICA0Mi40NDY4MzZdIHIxMDogMDAwMDAwMDAgIHI5IDogMDAwMDAwMDAgIHI4IDogMDAwMDAwMDANClsgICA0Mi40NTQ5NTZdIHI3IDogMDAwMDAwMDAgIHI2IDogMDAwMDAwMDAgIHI1IDogMDAwMDAwMDAgIHI0IDogYjYzNGMxODANClsgICA0Mi40NjQzMzhdIHIzIDogMDAwMDAwMDAgIHIyIDogMDAwMDAwMDcgIHIxIDogODBkMGQ2NDAgIHIwIDogYjQzNGMxMDANClsgICA0Mi40NzM2MDNdIEZsYWdzOiBOekN2ICBJUlFzIG9uICBGSVFzIG9uICBNb2RlIFNWQ18zMiAgSVNBIEFSTSAgU2VnbWVudCB1c2VyDQpbICAgNDIuNDgzNDgyXSBDb250cm9sOiAxMGM1MzgzZCAgVGFibGU6IDMzY2Q4MDZhICBEQUM6IDAwMDAwMDU1DQpbICAgNDIuNDkyMDAxXSBQcm9jZXNzIHRyeW1lIChwaWQ6IDQzOCwgc3RhY2sgbGltaXQgPSAweDJkZTZhZjZlKQ0KWyAgIDQyLjQ5OTk2NF0gU3RhY2s6ICgweGI3ZTY1ZjMwIHRvIDB4YjdlNjYwMDApDQpbICAgNDIuNTA1NTE5XSA1ZjIwOiAgICAgICAgICAgICAgICAgICAgICAgICAgICAgICAgICAgICBiN2U2NWY0YyBiN2U2NWY0MCA4MDEyYjNjYyA4MDRhMTY2NA0KWyAgIDQyLjUxNjAzOF0gNWY0MDogYjdlNjVmNWMgYjdlNjVmNTAgODAxMmIzZmMgODAxMmIzM2MgYjdlNjVmOTQgYjdlNjVmNjAgODAxMzUwNzAgODAxMmIzZWMNClsgICA0Mi41MjY1MTldIDVmNjA6IDAwMDAwMDAzIGI2MzRjMTAwIDAwMDAwMDEwIDAwMDAwMDAwIDAwMDAwMDAwIDAwMDAwMDAwIDAwMDAwMGQwIDgwMTAxMWM0DQpbICAgNDIuNTM2OTk2XSA1ZjgwOiBiN2U2NDAwMCAwMDAwMDBkMCBiN2U2NWZhNCBiN2U2NWY5OCA4MDEzNTFiMCA4MDEzNGZiMCAwMDAwMDAwMCBiN2U2NWZhOA0KWyAgIDQyLjU0NzUwOV0gNWZhMDogODAxMDEwMDAgODAxMzUxYTQgMDAwMDAwMDAgMDAwMDAwMDAgMDAwMDAwMDAgMDAwMDAwMDAgMDAwMDAwMDAgMDAwMDAwMDANClsgICA0Mi41NTgxNTBdIDVmYzA6IDAwMDAwMDAwIDAwMDAwMDAwIDAwMDAwMDAwIDAwMDAwMGQwIDAwMDAwMDAwIDAwMDAwMDAwIDAwMDAwMDAwIDdlZTVkYmM0DQpbICAgNDIuNTY4OTQ1XSA1ZmUwOiA3NmVlNjY5NCA3ZWU1ZGI3OCAwMDAxMDlkOCAwMDAxMDc2OCAwMDAwMDAxMCAwMDAwMDAwMCAwMDAwMDAwMCAwMDAwMDAwMA0KWyAgIDQyLjU3OTg0NV0gWzw4MDRhMTY4ND5dIChjYXBfY2FwYWJsZSkgZnJvbSBbPDgwMTJiM2NjPl0gKG5zX2NhcGFibGVfY29tbW9uKzB4OWMvMHhiMCkNClsgICA0Mi41OTA2NTldIFs8ODAxMmIzY2M+XSAobnNfY2FwYWJsZV9jb21tb24pIGZyb20gWzw4MDEyYjNmYz5dIChuc19jYXBhYmxlKzB4MWMvMHgyMCkNClsgICA0Mi42MDE0NjVdIFs8ODAxMmIzZmM+XSAobnNfY2FwYWJsZSkgZnJvbSBbPDgwMTM1MDcwPl0gKF9fc3lzX3NldHJlc3VpZCsweGNjLzB4MWY0KQ0KWyAgIDQyLjYxMjI2MV0gWzw4MDEzNTA3MD5dIChfX3N5c19zZXRyZXN1aWQpIGZyb20gWzw4MDEzNTFiMD5dIChzeXNfc2V0cmVzdWlkKzB4MTgvMHgxYykNClsgICA0Mi42MjMzMjJdIFs8ODAxMzUxYjA+XSAoc3lzX3NldHJlc3VpZCkgZnJvbSBbPDgwMTAxMDAwPl0gKHJldF9mYXN0X3N5c2NhbGwrMHgwLzB4MjgpDQpbICAgNDIuNjM0NDE2XSBFeGNlcHRpb24gc3RhY2soMHhiN2U2NWZhOCB0byAweGI3ZTY1ZmYwKQ0KWyAgIDQyLjY0MTA2Ml0gNWZhMDogICAgICAgICAgICAgICAgICAgMDAwMDAwMDAgMDAwMDAwMDAgMDAwMDAwMDAgMDAwMDAwMDAgMDAwMDAwMDAgMDAwMDAwMDANClsgICA0Mi42NTIzNTVdIDVmYzA6IDAwMDAwMDAwIDAwMDAwMDAwIDAwMDAwMDAwIDAwMDAwMGQwIDAwMDAwMDAwIDAwMDAwMDAwIDAwMDAwMDAwIDdlZTVkYmM0DQpbICAgNDIuNjYzNjMyXSA1ZmUwOiA3NmVlNjY5NCA3ZWU1ZGI3OCAwMDAxMDlkOCAwMDAxMDc2OA0KWyAgIDQyLjY3MDIzNl0gQ29kZTogZTFhMDEwMGMgZTE1MTAwMDMgMGEwMDAwMGQgZTU5MWUwYzggKGU1OTNjMGM4KSANClsgICA0Mi42Nzc5MzJdIC0tLVsgZW5kIHRyYWNlIDQ0MTZhOTIwYTQzNWM4ZDkgXS0tLQ0KDQ0KB01lc3NhZ2UgZnJvbSBzeXNsb2dkQHJhc3BiZXJyeXBpIGF0IFNlcCAyNiAwNToyNTowOSAuLi4NDQoga2VybmVsOlsgICA0Mi40OTIwMDFdIFByb2Nlc3MgdHJ5bWUgKHBpZDogNDM4LCBzdGFjayBsaW1pdCA9IDB4MmRlNmFmNmUpDQoNDQ0KB01lc3NhZ2UgZnJvbSBzeXNsb2dkQHJhc3BiZXJyeXBpIGF0IFNlcCAyNiAwNToyNTowOSAuLi4NDQoga2VybmVsOlsgICA0Mi40OTk5NjRdIFN0YWNrOiAoMHhiN2U2NWYzMCB0byAweGI3ZTY2MDAwKQ0KDQ0NCgdNZXNzYWdlIGZyb20gc3lzbG9nZEByYXNwYmVycnlwaSBhdCBTZXAgMjYgMDU6MjU6MDkgLi4uDQ0KIGtlcm5lbDpbICAgNDIuNTA1NTE5XSA1ZjIwOiAgICAgICAgICAgICAgICAgICAgICAgICAgICAgICAgICAgICBiN2U2NWY0YyBiN2U2NWY0MCA4MDEyYjNjYyA4MDRhMTY2NA0KDQ0NCgdNZXNzYWdlIGZyb20gc3lzbG9nZEByYXNwYmVycnlwaSBhdCBTZXAgMjYgMDU6MjU6MDkgLi4uDQ0KIGtlcm5lbDpbICAgNDIuNTE2MDM4XSA1ZjQwOiBiN2U2NWY1YyBiN2U2NWY1MCA4MDEyYjNmYyA4MDEyYjMzYyBiN2U2NWY5NCBiN2U2NWY2MCA4MDEzNTA3MCA4MDEyYjNlYw0KDQ0NCgdNZXNzYWdlIGZyb20gc3lzbG9nZEByYXNwYmVycnlwaSBhdCBTZXAgMjYgMDU6MjU6MDkgLi4uDQ0KIGtlcm5lbDpbICAgNDIuNTI2NTE5XSA1ZjYwOiAwMDAwMDAwMyBiNjM0YzEwMCAwMDAwMDAxMCAwMDAwMDAwMCAwMDAwMDAwMCAwMDAwMDAwMCAwMDAwMDBkMCA4MDEwMTFjNA0KDQ0NCgdNZXNzYWdlIGZyb20gc3lzbG9nZEByYXNwYmVycnlwaSBhdCBTZXAgMjYgMDU6MjU6MDkgLi4uDQ0KIGtlcm5lbDpbICAgNDIuNTM2OTk2XSA1ZjgwOiBiN2U2NDAwMCAwMDAwMDBkMCBiN2U2NWZhNCBiN2U2NWY5OCA4MDEzNTFiMCA4MDEzNGZiMCAwMDAwMDAwMCBiN2U2NWZhOA0KDQ0NCgdNZXNzYWdlIGZyb20gc3lzbG9nZEByYXNwYmVycnlwaSBhdCBTZXAgMjYgMDU6MjU6MDkgLi4uDQ0KIGtlcm5lbDpbICAgNDIuNTQ3NTA5XSA1ZmEwOiA4MDEwMTAwMCA4MDEzNTFhNCAwMDAwMDAwMCAwMDAwMDAwMCAwMDAwMDAwMCAwMDAwMDAwMCAwMDAwMDAwMCAwMDAwMDAwMA0KDQ0NCgdNZXNzYWdlIGZyb20gc3lzbG9nZEByYXNwYmVycnlwaSBhdCBTZXAgMjYgMDU6MjU6MDkgLi4uDQ0KIGtlcm5lbDpbICAgNDIuNTU4MTUwXSA1ZmMwOiAwMDAwMDAwMCAwMDAwMDAwMCAwMDAwMDAwMCAwMDAwMDBkMCAwMDAwMDAwMCAwMDAwMDAwMCAwMDAwMDAwMCA3ZWU1ZGJjNA0KDQ0NCgdNZXNzYWdlIGZyb20gc3lzbG9nZEByYXNwYmVycnlwaSBhdCBTZXAgMjYgMDU6MjU6MDkgLi4uDQ0KIGtlcm5lbDpbICAgNDIuNTY4OTQ1XSA1ZmUwOiA3NmVlNjY5NCA3ZWU1ZGI3OCAwMDAxMDlkOCAwMDAxMDc2OCAwMDAwMDAxMCAwMDAwMDAwMCAwMDAwMDAwMCAwMDAwMDAwMA0KDQ0NCgdNZXNzYWdlIGZyb20gc3lzbG9nZEByYXNwYmVycnlwaSBhdCBTZXAgMjYgMDU6MjU6MDkgLi4uDQ0KIGtlcm5lbDpbICAgNDIuNjcwMjM2XSBDb2RlOiBlMWEwMTAwYyBlMTUxMDAwMyAwYTAwMDAwZCBlNTkxZTBjOCAoZTU5M2MwYzgpIA0KDVNlZ21lbnRhdGlvbiBmYXVsdA0KcGlAcmFzcGJlcnJ5cGk6fiQg'
195,133,b'Li90cnltZQ0KNjI1MDAwMA0KZ3JpOjEwMDAvMTAwMC8xMDAwcGlAcmFzcGJlcnJ5cGk6fiQg'
195,131,b'Li90cnltZQ0KNjI1MDAwMA0KZ3JpOjEwMDAvMTAwMC8xMDAwcGlAcmFzcGJlcnJ5cGk6fiQg'
195,134,b'Li90cnltZQ0KNjI1MDAwMA0KZ3JpOjEwMDAvMTAwMC8xMDAwcGlAcmFzcGJlcnJ5cGk6fiQg'
195,135,b'Li90cnltZQ0KNjI1MDAwMA0KZ3JpOjEwMDAvMTAwMC8xMDAwcGlAcmFzcGJlcnJ5cGk6fiQgWyAgIDQ1LjU5MTgzNl0gVm9sdGFnZSBub3JtYWxpc2VkICgweDAwMDAwMDAwKQ0K'
195,135,b'Li90cnltZQ0KNjI1MDAwMA0KZ3JpOjEwMDAvMTAwMC8xMDAwcGlAcmFzcGJlcnJ5cGk6fiQg'
195,135,b'Li90cnltZQ0KWyAgIDQ2Ljg3NDE0NF0gVW5hYmxlIHRvIGhhbmRsZSBrZXJuZWwgcGFnaW5nIHJlcXVlc3QgYXQgdmlydHVhbCBhZGRyZXNzIDU1NTU1NjFkDQpbICAgNDYuODgzMDE0XSBwZ2QgPSAzOTU1ZGI3OQ0KWyAgIDQ2Ljg4NzExNV0gWzU1NTU1NjFkXSAqcGdkPTAwMDAwMDAwDQpbICAgNDYuODkyMDkwXSBJbnRlcm5hbCBlcnJvcjogT29wczogNSBbIzJdIFNNUCBBUk0NClsgICA0Ni44OTgwNjddIE1vZHVsZXMgbGlua2VkIGluOiBibmVwIGhjaV91YXJ0IGJ0YmNtIHNlcmRldiBibHVldG9vdGggZWNkaF9nZW5lcmljIHNoYTI1Nl9nZW5lcmljIGNmZzgwMjExIHJma2lsbCA4MDIxcSBnYXJwIHN0cCBsbGMgc25kX2JjbTI4MzUoQykgc25kX3BjbSBzbmRfdGltZXIgcmFzcGJlcnJ5cGlfaHdtb24gaHdtb24gc25kIGJjbTI4MzVfY29kZWMoQykgYmNtMjgzNV92NGwyKEMpIHY0bDJfbWVtMm1lbSBiY20yODM1X21tYWxfdmNoaXEoQykgdmlkZW9idWYyX2RtYV9jb250aWcgdjRsMl9jb21tb24gdmlkZW9idWYyX3ZtYWxsb2MgdmlkZW9idWYyX21lbW9wcyB2aWRlb2J1ZjJfdjRsMiB2aWRlb2J1ZjJfY29tbW9uIHZpZGVvZGV2IG1lZGlhIHZjX3NtX2NtYShDKSBmaXhlZCB1aW9fcGRydl9nZW5pcnEgdWlvIGlwX3RhYmxlcyB4X3RhYmxlcyBpcHY2DQpbICAgNDYuOTQ0OTQ0XSBDUFU6IDIgUElEOiA0NDYgQ29tbTogdHJ5bWUgVGFpbnRlZDogRyAgICAgIEQgIEMgICAgICAgIDQuMTkuNzUtdjcrICMxMjcwDQpbICAgNDYuOTU1NDE5XSBIYXJkd2FyZSBuYW1lOiBCQ00yODM1DQpbICAgNDYuOTYwMTExXSBQQyBpcyBhdCBjYXBfY2FwYWJsZSsweDJjLzB4OGMNClsgICA0Ni45NjU0ODFdIExSIGlzIGF0ICAgKG51bGwpDQpbICAgNDYuOTY5NjQ5XSBwYyA6IFs8ODA0YTE2ODQ+XSAgICBsciA6IFs8MDAwMDAwMDA+XSAgICBwc3I6IDMwMDAwMDEzDQpbICAgNDYuOTc3MTc3XSBzcCA6IGI3ZTY1ZjMwICBpcCA6IGI3ZTY1ZjQwICBmcCA6IGI3ZTY1ZjNjDQpbICAgNDYuOTgzNjM5XSByMTA6IDAwMDAwMDAwICByOSA6IDAwMDAwMDAwICByOCA6IDAwMDAwMDAwDQpbICAgNDYuOTkwMDkwXSByNyA6IDAwMDAwMDAwICByNiA6IDAwMDAwMDAwICByNSA6IDAwMDAwMDAwICByNCA6IGIzYzMyMjAwDQpbICAgNDYuOTk3ODQ5XSByMyA6IDU1NTU1NTU1ICByMiA6IDAwMDAwMDA3ICByMSA6IDgwZDBkNjQwICByMCA6IGIwYzMyMDgwDQpbICAgNDcuMDA1NTk5XSBGbGFnczogbnpDViAgSVJRcyBvbiAgRklRcyBvbiAgTW9kZSBTVkNfMzIgIElTQSBBUk0gIFNlZ21lbnQgdXNlcg0KWyAgIDQ3LjAxMzk3MV0gQ29udHJvbDogMTBjNTM4M2QgIFRhYmxlOiAzM2NkODA2YSAgREFDOiAwMDAwMDA1NQ0KWyAgIDQ3LjAyMDkxOF0gUHJvY2VzcyB0cnltZSAocGlkOiA0NDYsIHN0YWNrIGxpbWl0ID0gMHgyZGU2YWY2ZSkNClsgICA0Ny4wMjc5NzZdIFN0YWNrOiAoMHhiN2U2NWYzMCB0byAweGI3ZTY2MDAwKQ0KWyAgIDQ3LjAzMzU0MF0gNWYyMDogICAgICAgICAgICAgICAgICAgICAgICAgICAgICAgICAgICAgYjdlNjVmNGMgYjdlNjVmNDAgODAxMmIzY2MgODA0YTE2NjQNClsgICA0Ny4wNDY5ODddIDVmNDA6IGI3ZTY1ZjVjIGI3ZTY1ZjUwIDgwMTJiM2ZjIDgwMTJiMzNjIGI3ZTY1Zjk0IGI3ZTY1ZjYwIDgwMTM1MDcwIDgwMTJiM2VjDQpbICAgNDcuMDYwMzQ2XSA1ZjYwOiAwMDAwMDAwMyBiM2MzMjA4MCAwMDAwMDAxMCAwMDAwMDAwMCAwMDAwMDAwMCAwMDAwMDAwMCAwMDAwMDBkMCA4MDEwMTFjNA0KWyAgIDQ3LjA3MzY5NV0gNWY4MDogYjdlNjQwMDAgMDAwMDAwZDAgYjdlNjVmYTQgYjdlNjVmOTggODAxMzUxYjAgODAxMzRmYjAgMDAwMDAwMDAgYjdlNjVmYTgNClsgICA0Ny4wODcxMjJdIDVmYTA6IDgwMTAxMDAwIDgwMTM1MWE0IDAwMDAwMDAwIDAwMDAwMDAwIDAwMDAwMDAwIDAwMDAwMDAwIDAwMDAwMDAwIDAwMDAwMDAwDQpbICAgNDcuMTAwODQyXSA1ZmMwOiAwMDAwMDAwMCAwMDAwMDAwMCAwMDAwMDAwMCAwMDAwMDBkMCAwMDAwMDAwMCAwMDAwMDAwMCAwMDAwMDAwMCA3ZWY1ZGJjNA0KWyAgIDQ3LjExNDkxMV0gNWZlMDogNzZmMWQ2OTQgN2VmNWRiNzggMDAwMTA5ZDggMDAwMTA3NjggMDAwMDAwMTAgMDAwMDAwMDAgMDAwMDAwMDAgMDAwMDAwMDANClsgICA0Ny4xMjkyMjVdIFs8ODA0YTE2ODQ+XSAoY2FwX2NhcGFibGUpIGZyb20gWzw4MDEyYjNjYz5dIChuc19jYXBhYmxlX2NvbW1vbisweDljLzB4YjApDQpbICAgNDcuMTQzNjU4XSBbPDgwMTJiM2NjPl0gKG5zX2NhcGFibGVfY29tbW9uKSBmcm9tIFs8ODAxMmIzZmM+XSAobnNfY2FwYWJsZSsweDFjLzB4MjApDQpbICAgNDcuMTU0NDY1XSBbPDgwMTJiM2ZjPl0gKG5zX2NhcGFibGUpIGZyb20gWzw4MDEzNTA3MD5dIChfX3N5c19zZXRyZXN1aWQrMHhjYy8weDFmNCkNClsgICA0Ny4xNjUyNDBdIFs8ODAxMzUwNzA+XSAoX19zeXNfc2V0cmVzdWlkKSBmcm9tIFs8ODAxMzUxYjA+XSAoc3lzX3NldHJlc3VpZCsweDE4LzB4MWMpDQpbICAgNDcuMTc2MjgwXSBbPDgwMTM1MWIwPl0gKHN5c19zZXRyZXN1aWQpIGZyb20gWzw4MDEwMTAwMD5dIChyZXRfZmFzdF9zeXNjYWxsKzB4MC8weDI4KQ0KWyAgIDQ3LjE4NzM1NF0gRXhjZXB0aW9uIHN0YWNrKDB4YjdlNjVmYTggdG8gMHhiN2U2NWZmMCkNClsgICA0Ny4xOTM5OTBdIDVmYTA6ICAgICAgICAgICAgICAgICAgIDAwMDAwMDAwIDAwMDAwMDAwIDAwMDAwMDAwIDAwMDAwMDAwIDAwMDAwMDAwIDAwMDAwMDAwDQpbICAgNDcuMjA1MjYzXSA1ZmMwOiAwMDAwMDAwMCAwMDAwMDAwMCAwMDAwMDAwMCAwMDAwMDBkMCAwMDAwMDAwMCAwMDAwMDAwMCAwMDAwMDAwMCA3ZWY1ZGJjNA0KWyAgIDQ3LjIxNjUxN10gNWZlMDogNzZmMWQ2OTQgN2VmNWRiNzggMDAwMTA5ZDggMDAwMTA3NjgNClsgICA0Ny4yMjMxMDldIENvZGU6IGUxYTAxMDBjIGUxNTEwMDAzIDBhMDAwMDBkIGU1OTFlMGM4IChlNTkzYzBjOCkgDQoNDQoHTWVzc2FnZSBmcm9tWyAgIDQ3LjIzMDgxM10gLS0tWyBlbmQgdHJhY2UgNDQxNmE5MjBhNDM1YzhkYSBdLS0tDQogc3lzbG9nZEByYXNwYmVycnlwaSBhdCBTZXAgMjYgMDU6MjU6MTMgLi4uDQ0KIGtlcm5lbDpbICAgNDYuODkyMDkwXSBJbnRlcm5hbCBlcnJvcjogT29wczogNSBbIzJdIFNNUCBBUk0NCg0NDQoHTWVzc2FnZSBmcm9tIHN5c2xvZ2RAcmFzcGJlcnJ5cGkgYXQgU2VwIDI2IDA1OjI1OjEzIC4uLg0NCiBrZXJuZWw6WyAgIDQ3LjAyMDkxOF0gUHJvY2VzcyB0cnltZSAocGlkOiA0NDYsIHN0YWNrIGxpbWl0ID0gMHgyZGU2YWY2ZSkNCg0NDQoHTWVzc2FnZSBmcm9tIHN5c2xvZ2RAcmFzcGJlcnJ5cGkgYXQgU2VwIDI2IDA1OjI1OjEzIC4uLg0NCiBrZXJuZWw6WyAgIDQ3LjAyNzk3Nl0gU3RhY2s6ICgweGI3ZTY1ZjMwIHRvIDB4YjdlNjYwMDApDQoNDQ0KB01lc3NhZ2UgZnJvbSBzeXNsb2dkQHJhc3BiZXJyeXBpIGF0IFNlcCAyNiAwNToyNToxMyAuLi4NDQoga2VybmVsOlsgICA0Ny4wMzM1NDBdIDVmMjA6ICAgICAgICAgICAgICAgICAgICAgICAgICAgICAgICAgICAgIGI3ZTY1ZjRjIGI3ZTY1ZjQwIDgwMTJiM2NjIDgwNGExNjY0DQoNDQ0KB01lc3NhZ2UgZnJvbSBzeXNsb2dkQHJhc3BiZXJyeXBpIGF0IFNlcCAyNiAwNToyNToxMyAuLi4NDQoga2VybmVsOlsgICA0Ny4wNDY5ODddIDVmNDA6IGI3ZTY1ZjVjIGI3ZTY1ZjUwIDgwMTJiM2ZjIDgwMTJiMzNjIGI3ZTY1Zjk0IGI3ZTY1ZjYwIDgwMTM1MDcwIDgwMTJiM2VjDQoNDQ0KB01lc3NhZ2UgZnJvbSBzeXNsb2dkQHJhc3BiZXJyeXBpIGF0IFNlcCAyNiAwNToyNToxMyAuLi4NDQoga2VybmVsOlsgICA0Ny4wNjAzNDZdIDVmNjA6IDAwMDAwMDAzIGIzYzMyMDgwIDAwMDAwMDEwIDAwMDAwMDAwIDAwMDAwMDAwIDAwMDAwMDAwIDAwMDAwMGQwIDgwMTAxMWM0DQoNDQ0KB01lc3NhZ2UgZnJvbSBzeXNsb2dkQHJhc3BiZXJyeXBpIGF0IFNlcCAyNiAwNToyNToxMyAuLi4NDQoga2VybmVsOlsgICA0Ny4wNzM2OTVdIDVmODA6IGI3ZTY0MDAwIDAwMDAwMGQwIGI3ZTY1ZmE0IGI3ZTY1Zjk4IDgwMTM1MWIwIDgwMTM0ZmIwIDAwMDAwMDAwIGI3ZTY1ZmE4DQoNDQ0KB01lc3NhZ2UgZnJvbSBzeXNsb2dkQHJhc3BiZXJyeXBpIGF0IFNlcCAyNiAwNToyNToxMyAuLi4NDQoga2VybmVsOlsgICA0Ny4wODcxMjJdIDVmYTA6IDgwMTAxMDAwIDgwMTM1MWE0IDAwMDAwMDAwIDAwMDAwMDAwIDAwMDAwMDAwIDAwMDAwMDAwIDAwMDAwMDAwIDAwMDAwMDAwDQoNDQ0KB01lc3NhZ2UgZnJvbSBzeXNsb2dkQHJhc3BiZXJyeXBpIGF0IFNlcCAyNiAwNToyNToxMyAuLi4NDQoga2VybmVsOlsgICA0Ny4xMDA4NDJdIDVmYzA6IDAwMDAwMDAwIDAwMDAwMDAwIDAwMDAwMDAwIDAwMDAwMGQwIDAwMDAwMDAwIDAwMDAwMDAwIDAwMDAwMDAwIDdlZjVkYmM0DQoNDQ0KB01lc3NhZ2UgZnJvbSBzeXNsb2dkQHJhc3BiZXJyeXBpIGF0IFNlcCAyNiAwNToyNToxMyAuLi4NDQoga2VybmVsOlsgICA0Ny4xMTQ5MTFdIDVmZTA6IDc2ZjFkNjk0IDdlZjVkYjc4IDAwMDEwOWQ4IDAwMDEwNzY4IDAwMDAwMDEwIDAwMDAwMDAwIDAwMDAwMDAwIDAwMDAwMDAwDQoNDQ0KB01lc3NhZ2UgZnJvbSBzeXNsb2dkQHJhc3BiZXJyeXBpIGF0IFNlcCAyNiAwNToyNToxMyAuLi4NDQoga2VybmVsOlsgICA0Ny4yMjMxMDldIENvZGU6IGUxYTAxMDBjIGUxNTEwMDAzIDBhMDAwMDBkIGU1OTFlMGM4IChlNTkzYzBjOCkgDQoNU2VnbWVudGF0aW9uIGZhdWx0DQpwaUByYXNwYmVycnlwaTp+JCA='
195,135,b'Li90cnltZQ0KNjI1MDAwMA0KZ3JpOjEwMDAvMTAwMC8xMDAwcGlAcmFzcGJlcnJ5cGk6fiQg'
195,129,b'Li90cnltZQ0KNjI1MDAwMA0KZ3JpOjEwMDAvMTAwMC8xMDAwcGlAcmFzcGJlcnJ5cGk6fiQg'
195,129,b'Li90cnltZQ0KNjI1MDAwMA0KZ3JpOjEwMDAvMTAwMC8xMDAwcGlAcmFzcGJlcnJ5cGk6fiQg'
195,127,b'Li90cnltZQ0KNjI1MDAwMA0KZ3JpOjEwMDAvMTAwMC8xMDAwcGlAcmFzcGJlcnJ5cGk6fiQg'
195,133,b'Li90cnltZQ0KNjI1MDAwMA0KZ3JpOjEwMDAvMTAwMC8xMDAwcGlAcmFzcGJlcnJ5cGk6fiQg'
195,133,b'Li90cnltZQ0KWyAgIDUxLjQyNDA5OF0gLS0tLS0tLS0tLS0tWyBjdXQgaGVyZSBdLS0tLS0tLS0tLS0tDQpbICAgNTEuNDMwMjEwXSBrZXJuZWwgQlVHIGF0IGtlcm5lbC9jcmVkLmM6NTIyIQ0KWyAgIDUxLjQzNTg5Ml0gSW50ZXJuYWwgZXJyb3I6IE9vcHMgLSBCVUc6IDAgWyMzXSBTTVAgQVJNDQpbICAgNTEuNDQyNDM0XSBNb2R1bGVzIGxpbmtlZCBpbjogYm5lcCBoY2lfdWFydCBidGJjbSBzZXJkZXYgYmx1ZXRvb3RoIGVjZGhfZ2VuZXJpYyBzaGEyNTZfZ2VuZXJpYyBjZmc4MDIxMSByZmtpbGwgODAyMXEgZ2FycCBzdHAgbGxjIHNuZF9iY20yODM1KEMpIHNuZF9wY20gc25kX3RpbWVyIHJhc3BiZXJyeXBpX2h3bW9uIGh3bW9uIHNuZCBiY20yODM1X2NvZGVjKEMpIGJjbTI4MzVfdjRsMihDKSB2NGwyX21lbTJtZW0gYmNtMjgzNV9tbWFsX3ZjaGlxKEMpIHZpZGVvYnVmMl9kbWFfY29udGlnIHY0bDJfY29tbW9uIHZpZGVvYnVmMl92bWFsbG9jIHZpZGVvYnVmMl9tZW1vcHMgdmlkZW9idWYyX3Y0bDIgdmlkZW9idWYyX2NvbW1vbiB2aWRlb2RldiBtZWRpYSB2Y19zbV9jbWEoQykgZml4ZWQgdWlvX3BkcnZfZ2VuaXJxIHVpbyBpcF90YWJsZXMgeF90YWJsZXMgaXB2Ng0KWyAgIDUxLjQ4OTUxNl0gQ1BVOiAzIFBJRDogNDUyIENvbW06IHRyeW1lIFRhaW50ZWQ6IEcgICAgICBEICBDICAgICAgICA0LjE5Ljc1LXY3KyAjMTI3MA0KWyAgIDUxLjUwMzQxNF0gSGFyZHdhcmUgbmFtZTogQkNNMjgzNQ0KWyAgIDUxLjUwOTczN10gUEMgaXMgYXQgYWJvcnRfY3JlZHMrMHg1MC8weDU0DQpbICAgNTEuNTE2NzM1XSBMUiBpcyBhdCBfX3N5c19zZXRyZXN1aWQrMHgxNjgvMHgxZjQNClsgICA1MS41MjQxOTVdIHBjIDogWzw4MDE0NTMyND5dICAgIGxyIDogWzw4MDEzNTEwYz5dICAgIHBzcjogYTAwMDAwMTMNClsgICA1MS41MzMzNTVdIHNwIDogYjNkMDNmNTAgIGlwIDogYjNkMDNmNjAgIGZwIDogYjNkMDNmNWMNClsgICA1MS41NDEzODRdIHIxMDogMDAwMDAwMDAgIHI5IDogMDAwMDAwMDAgIHI4IDogMDAwMDAwMDANClsgICA1MS41NDkzMzFdIHI3IDogMDAwMDAwMDAgIHI2IDogODAxMmIzM2MgIHI1IDogZmZmZmZmZmYgIHI0IDogYjNkMDNmNTANClsgICA1MS41NTg2MDFdIHIzIDogYjU0NjEzMDAgIHIyIDogYjNkMDNmOTQgIHIxIDogODBkMGQ2NDAgIHIwIDogYjNkMDNmNTANClsgICA1MS41Njc4MzZdIEZsYWdzOiBOekN2ICBJUlFzIG9uICBGSVFzIG9uICBNb2RlIFNWQ18zMiAgSVNBIEFSTSAgU2VnbWVudCB1c2VyDQpbICAgNTEuNTc3NzI4XSBDb250cm9sOiAxMGM1MzgzZCAgVGFibGU6IDMzYzhjMDZhICBEQUM6IDAwMDAwMDU1DQpbICAgNTEuNTg2MjM4XSBQcm9jZXNzIHRyeW1lIChwaWQ6IDQ1Miwgc3RhY2sgbGltaXQgPSAweDhiODRhMGYwKQ0KWyAgIDUxLjU5NDg2MF0gU3RhY2s6ICgweGIzZDAzZjUwIHRvIDB4YjNkMDQwMDApDQpbICAgNTEuNjAxOTY4XSAzZjQwOiAgICAgICAgICAgICAgICAgICAgICAgICAgICAgICAgICAgICBiM2QwM2Y5NCBiM2QwM2Y2MCA4MDEzNTEwYyA4MDE0NTJlMA0KWyAgIDUxLjYxNTUxMl0gM2Y2MDogMDAwMDAwMDMgYjU0NjEzMDAgMDAwMDAwMTAgMDAwMDAwMDAgMDAwMDAwMDAgMDAwMDAwMDAgMDAwMDAwZDAgODAxMDExYzQNClsgICA1MS42Mjg5NzNdIDNmODA6IGIzZDAyMDAwIDAwMDAwMGQwIGIzZDAzZmE0IGIzZDAzZjk4IDgwMTM1MWIwIDgwMTM0ZmIwIDAwMDAwMDAwIGIzZDAzZmE4DQpbICAgNTEuNjQyNDI3XSAzZmEwOiA4MDEwMTAwMCA4MDEzNTFhNCAwMDAwMDAwMCAwMDAwMDAwMCAwMDAwMDAwMCAwMDAwMDAwMCAwMDAwMDAwMCAwMDAwMDAwMA0KWyAgIDUxLjY1NTk1NV0gM2ZjMDogMDAwMDAwMDAgMDAwMDAwMDAgMDAwMDAwMDAgMDAwMDAwZDAgMDAwMDAwMDAgMDAwMDAwMDAgMDAwMDAwMDAgN2VjMDNiYzQNClsgICA1MS42Njk3NzZdIDNmZTA6IDc2ZjBjNjk0IDdlYzAzYjc4IDAwMDEwOWQ4IDAwMDEwNzY4IDAwMDAwMDEwIDAwMDAwMDAwIDAwMDAwMDAwIDAwMDAwMDAwDQpbICAgNTEuNjgzOTIyXSBbPDgwMTQ1MzI0Pl0gKGFib3J0X2NyZWRzKSBmcm9tIFs8ODAxMzUxMGM+XSAoX19zeXNfc2V0cmVzdWlkKzB4MTY4LzB4MWY0KQ0KWyAgIDUxLjY5NDU4Nl0gWzw4MDEzNTEwYz5dIChfX3N5c19zZXRyZXN1aWQpIGZyb20gWzw4MDEzNTFiMD5dIChzeXNfc2V0cmVzdWlkKzB4MTgvMHgxYykNClsgICA1MS43MDU0MDFdIFs8ODAxMzUxYjA+XSAoc3lzX3NldHJlc3VpZCkgZnJvbSBbPDgwMTAxMDAwPl0gKHJldF9mYXN0X3N5c2NhbGwrMHgwLzB4MjgpDQpbICAgNTEuNzE2MjgyXSBFeGNlcHRpb24gc3RhY2soMHhiM2QwM2ZhOCB0byAweGIzZDAzZmYwKQ0KWyAgIDUxLjcyMjg0OF0gM2ZhMDogICAgICAgICAgICAgICAgICAgMDAwMDAwMDAgMDAwMDAwMDAgMDAwMDAwMDAgMDAwMDAwMDAgMDAwMDAwMDAgMDAwMDAwMDANClsgICA1MS43MzQwMzVdIDNmYzA6IDAwMDAwMDAwIDAwMDAwMDAwIDAwMDAwMDAwIDAwMDAwMGQwIDAwMDAwMDAwIDAwMDAwMDAwIDAwMDAwMDAwIDdlYzAzYmM0DQpbICAgNTEuNzQ1MjgwXSAzZmUwOiA3NmYwYzY5NCA3ZWMwM2I3OCAwMDAxMDlkOCAwMDAxMDc2OA0KWyAgIDUxLjc1MTg2OF0gQ29kZTogZTM1MjAwMDAgMTg5ZGE4MDAgZWJmZmZlY2UgZTg5ZGE4MDAgKGU3ZjAwMWYyKSANClsgICA1MS43NTk1MDNdIC0tLVsgZW5kIHRyYWNlIDQ0MTZhOTIwYTQzNWM4ZGIgXS0tLQ0KU2VnbWVudGF0aW9uIGZhdWx0DQoNDQoHTWVzc2FnZSBmcm9tIHN5c2xvZ2RAcmFzcGJlcnJ5cGkgYXQgU2VwIDI2IDA1OjI1OjE4IC4uLg0NCiBrZXJuZWw6WyAgIDUxLjQzNTg5Ml0gSW50ZXJuYWwgZXJyb3I6IE9vcHMgLSBCVUc6IDAgWyMzXSBTTVAgQVJNDQoNDQ0KB01lc3NhZ2UgZnJvbSBzeXNsb2dkQHJhc3BiZXJyeXBpIGF0IFNlcCAyNiAwNToyNToxOCAuLi4NDQoga2VybmVsOlsgICA1MS41ODYyMzhdIFByb2Nlc3MgdHJ5bWUgKHBpZDogNDUyLCBzdGFjayBsaW1pdCA9IDB4OGI4NGEwZjApDQoNDQ0KB01lc3NhZ2UgZnJvbSBzeXNsb2dkQHJhc3BiZXJyeXBpIGF0IFNlcCAyNiAwNToyNToxOCAuLi4NDQoga2VybmVsOlsgICA1MS41OTQ4NjBdIFN0YWNrOiAoMHhiM2QwM2Y1MCB0byAweGIzZDA0MDAwKQ0KDQ0NCgdNZXNzYWdlIGZyb20gc3lzbG9nZEByYXNwYmVycnlwaSBhdCBTZXAgMjYgMDU6MjU6MTggLi4uDQ0KIGtlcm5lbDpbICAgNTEuNjAxOTY4XSAzZjQwOiAgICAgICAgICAgICAgICAgICAgICAgICAgICAgICAgICAgICBiM2QwM2Y5NCBiM2QwM2Y2MCA4MDEzNTEwYyA4MDE0NTJlMA0KDQ0NCgdNZXNzYWdlIGZyb20gc3lzbG9nZEByYXNwYmVycnlwaSBhdCBTZXAgMjYgMDU6MjU6MTggLi4uDQ0KIGtlcm5lbDpbICAgNTEuNjE1NTEyXSAzZjYwOiAwMDAwMDAwMyBiNTQ2MTMwMCAwMDAwMDAxMCAwMDAwMDAwMCAwMDAwMDAwMCAwMDAwMDAwMCAwMDAwMDBkMCA4MDEwMTFjNA0KDQ0NCgdNZXNzYWdlIGZyb20gc3lzbG9nZEByYXNwYmVycnlwaSBhdCBTZXAgMjYgMDU6MjU6MTggLi4uDQ0KIGtlcm5lbDpbICAgNTEuNjI4OTczXSAzZjgwOiBiM2QwMjAwMCAwMDAwMDBkMCBiM2QwM2ZhNCBiM2QwM2Y5OCA4MDEzNTFiMCA4MDEzNGZiMCAwMDAwMDAwMCBiM2QwM2ZhOA0KDQ0NCgdNZXNzYWdlIGZyb20gc3lzbG9nZEByYXNwYmVycnlwaSBhdCBTZXAgMjYgMDU6MjU6MTggLi4uDQ0KIGtlcm5lbDpbICAgNTEuNjQyNDI3XSAzZmEwOiA4MDEwMTAwMCA4MDEzNTFhNCAwMDAwMDAwMCAwMDAwMDAwMCAwMDAwMDAwMCAwMDAwMDAwMCAwMDAwMDAwMCAwMDAwMDAwMA0KDQ0NCgdNZXNzYWdlIGZyb20gc3lzbG9nZEByYXNwYmVycnlwaSBhdCBTZXAgMjYgMDU6MjU6MTggLi4uDQ0KIGtlcm5lbDpbICAgNTEuNjU1OTU1XSAzZmMwOiAwMDAwMDAwMCAwMDAwMDAwMCAwMDAwMDAwMCAwMDAwMDBkMCAwMDAwMDAwMCAwMDAwMDAwMCAwMDAwMDAwMCA3ZWMwM2JjNA0KDQ0NCgdNZXNzYWdlIGZyb20gc3lzbG9nZEByYXNwYmVycnlwaSBhdCBTZXAgMjYgMDU6MjU6MTggLi4uDQ0KIGtlcm5lbDpbICAgNTEuNjY5Nzc2XSAzZmUwOiA3NmYwYzY5NCA3ZWMwM2I3OCAwMDAxMDlkOCAwMDAxMDc2OCAwMDAwMDAxMCAwMDAwMDAwMCAwMDAwMDAwMCAwMDAwMDAwMA0KDQ0NCgdNZXNzYWdlIGZyb20gc3lzbG9nZEByYXNwYmVycnlwaSBhdCBTZXAgMjYgMDU6MjU6MTggLi4uDQ0KIGtlcm5lbDpbICAgNTEuNzUxODY4XSBDb2RlOiBlMzUyMDAwMCAxODlkYTgwMCBlYmZmZmVjZSBlODlkYTgwMCAoZTdmMDAxZjIpIA0KDXBpQHJhc3BiZXJyeXBpOn4kIA=='
195,129,b'Li90cnltZQ0KWyAgIDUyLjE3NDExNl0gVW5hYmxlIHRvIGhhbmRsZSBrZXJuZWwgcGFnaW5nIHJlcXVlc3QgYXQgdmlydHVhbCBhZGRyZXNzIDU1NTU1NjFkDQpbICAgNTIuMTgyOTk3XSBwZ2QgPSA1M2JjNjJhYg0KWyAgIDUyLjE4NzEyNl0gWzU1NTU1NjFkXSAqcGdkPTAwMDAwMDAwDQoNDQoHTWVzc1sgICA1Mi4xOTIxMjNdIEludGVybmFsIGVycm9yOiBPb3BzOiA1IFsjNF0gU01QIEFSTQ0KYWdlIGZyb20gc3lzbG9nZEByYXNwYmVycnlwaSBhdCBTZXAgMjYgMDU6MjU6MTggLi4uDQ0KIGtlcm5lbDpbICAgNTIuMTkyMTIzXSBJbnRlcm5hbCBlcnJvcjogT29wWyAgIDUyLjE5ODYyMV0gTW9kdWxlcyBsaW5rZWQgaW46IGJuZXAgaGNpX3VhcnQgYnRiY20gc2VyZGV2IGJsdWV0b290aCBlY2RoX2dlbmVyaWMgc2hhMjU2X2dlbmVyaWMgY2ZnODAyMTEgcmZraWxsIDgwMjFxIGdhcnAgc3RwIGxsYyBzbmRfYmNtMjgzNShDKSBzbmRfcGNtIHNuZF90aW1lciByYXNwYmVycnlwaV9od21vbiBod21vbiBzbmQgYmNtMjgzNV9jb2RlYyhDKSBiY20yODM1X3Y0bDIoQykgdjRsMl9tZW0ybWVtIGJjbTI4MzVfbW1hbF92Y2hpcShDKSB2aWRlb2J1ZjJfZG1hX2NvbnRpZyB2NGwyX2NvbW1vbiB2aWRlb2J1ZjJfdm1hbGxvYyB2aWRlb2J1ZjJfbWVtb3BzIHZpZGVvYnVmMl92NGwyIHZpZGVvYnVmMl9jb21tb24gdmlkZW9kZXYgbWVkaWEgdmNfc21fY21hKEMpIGZpeGVkIHVpb19wZHJ2X2dlbmlycSB1aW8gaXBfdGFibGVzIHhfdGFibGVzIGlwdjYNCnM6IDUgWyM0XSBTTVAgQVJNDQoNWyAgIDUyLjI0NjA0MV0gQ1BVOiAzIFBJRDogNDUzIENvbW06IHRyeW1lIFRhaW50ZWQ6IEcgICAgICBEICBDICAgICAgICA0LjE5Ljc1LXY3KyAjMTI3MA0KWyAgIDUyLjI1NjU2NV0gSGFyZHdhcmUgbmFtZTogQkNNMjgzNQ0KWyAgIDUyLjI2MTI4Ml0gUEMgaXMgYXQgY2FwX2NhcGFibGUrMHgyYy8weDhjDQpbICAgNTIuMjY2Njc0XSBMUiBpcyBhdCAgIChudWxsKQ0KWyAgIDUyLjI3MDg3N10gcGMgOiBbPDgwNGExNjg0Pl0gICAgbHIgOiBbPDAwMDAwMDAwPl0gICAgcHNyOiAzMDAwMDAxMw0KWyAgIDUyLjI3ODQ0MF0gc3AgOiBiM2QwM2YzMCAgaXAgOiBiM2QwM2Y0MCAgZnAgOiBiM2QwM2YzYw0KWyAgIDUyLjI4NDkxNl0gcjEwOiAwMDAwMDAwMCAgcjkgOiAwMDAwMDAwMCAgcjggOiAwMDAwMDAwMA0KWyAgIDUyLjI5MTM3OF0gcjcgOiAwMDAwMDAwMCAgcjYgOiAwMDAwMDAwMCAgcjUgOiAwMDAwMDAwMCAgcjQgOiBiNTQ2MTQ4MA0KWyAgIDUyLjI5OTE0N10gcjMgOiA1NTU1NTU1NSAgcjIgOiAwMDAwMDAwNyAgcjEgOiA4MGQwZDY0MCAgcjAgOiBhNDQ2MTQwMA0KWyAgIDUyLjMwNjg5OF0gRmxhZ3M6IG56Q1YgIElSUXMgb24gIEZJUXMgb24gIE1vZGUgU1ZDXzMyICBJU0EgQVJNICBTZWdtZW50IHVzZXINClsgICA1Mi4zMTUyNjldIENvbnRyb2w6IDEwYzUzODNkICBUYWJsZTogMzNjOGMwNmEgIERBQzogMDAwMDAwNTUNClsgICA1Mi4zMjIyMTZdIFByb2Nlc3MgdHJ5bWUgKHBpZDogNDUzLCBzdGFjayBsaW1pdCA9IDB4OGI4NGEwZjApDQpbICAgNTIuMzI5MjczXSBTdGFjazogKDB4YjNkMDNmMzAgdG8gMHhiM2QwNDAwMCkNClsgICA1Mi4zMzQ4MjldIDNmMjA6ICAgICAgICAgICAgICAgICAgICAgICAgICAgICAgICAgICAgIGIzZDAzZjRjIGIzZDAzZjQwIDgwMTJiM2NjIDgwNGExNjY0DQpbICAgNTIuMzQ1MzU0XSAzZjQwOiBiM2QwM2Y1YyBiM2QwM2Y1MCA4MDEyYjNmYyA4MDEyYjMzYyBiM2QwM2Y5NCBiM2QwM2Y2MCA4MDEzNTA3MCA4MDEyYjNlYw0KWyAgIDUyLjM1NTg0MV0gM2Y2MDogMDAwMDAwMDMgYjU0NjE0MDAgMDAwMDAwMTAgMDAwMDAwMDAgMDAwMDAwMDAgMDAwMDAwMDAgMDAwMDAwZDAgODAxMDExYzQNClsgICA1Mi4zNjYzMjRdIDNmODA6IGIzZDAyMDAwIDAwMDAwMGQwIGIzZDAzZmE0IGIzZDAzZjk4IDgwMTM1MWIwIDgwMTM0ZmIwIDAwMDAwMDAwIGIzZDAzZmE4DQpbICAgNTIuMzc2ODQxXSAzZmEwOiA4MDEwMTAwMCA4MDEzNTFhNCAwMDAwMDAwMCAwMDAwMDAwMCAwMDAwMDAwMCAwMDAwMDAwMCAwMDAwMDAwMCAwMDAwMDAwMA0KWyAgIDUyLjM4NzQ4MV0gM2ZjMDogMDAwMDAwMDAgMDAwMDAwMDAgMDAwMDAwMDAgMDAwMDAwZDAgMDAwMDAwMDAgMDAwMDAwMDAgMDAwMDAwMDAgN2ViZjBiYzQNClsgICA1Mi4zOTgyNzNdIDNmZTA6IDc2ZWZiNjk0IDdlYmYwYjc4IDAwMDEwOWQ4IDAwMDEwNzY4IDAwMDAwMDEwIDAwMDAwMDAwIDAwMDAwMDAwIDAwMDAwMDAwDQpbICAgNTIuNDA5MTg0XSBbPDgwNGExNjg0Pl0gKGNhcF9jYXBhYmxlKSBmcm9tIFs8ODAxMmIzY2M+XSAobnNfY2FwYWJsZV9jb21tb24rMHg5Yy8weGIwKQ0KWyAgIDUyLjQyMzYyNl0gWzw4MDEyYjNjYz5dIChuc19jYXBhYmxlX2NvbW1vbikgZnJvbSBbPDgwMTJiM2ZjPl0gKG5zX2NhcGFibGUrMHgxYy8weDIwKQ0KWyAgIDUyLjQzODE0NV0gWzw4MDEyYjNmYz5dIChuc19jYXBhYmxlKSBmcm9tIFs8ODAxMzUwNzA+XSAoX19zeXNfc2V0cmVzdWlkKzB4Y2MvMHgxZjQpDQpbICAgNTIuNDUyNzYwXSBbPDgwMTM1MDcwPl0gKF9fc3lzX3NldHJlc3VpZCkgZnJvbSBbPDgwMTM1MWIwPl0gKHN5c19zZXRyZXN1aWQrMHgxOC8weDFjKQ0KWyAgIDUyLjQ2Nzc1NV0gWzw4MDEzNTFiMD5dIChzeXNfc2V0cmVzdWlkKSBmcm9tIFs8ODAxMDEwMDA+XSAocmV0X2Zhc3Rfc3lzY2FsbCsweDAvMHgyOCkNClsgICA1Mi40ODI4MjddIEV4Y2VwdGlvbiBzdGFjaygweGIzZDAzZmE4IHRvIDB4YjNkMDNmZjApDQpbICAgNTIuNDkxNDYwXSAzZmEwOiAgICAgICAgICAgICAgICAgICAwMDAwMDAwMCAwMDAwMDAwMCAwMDAwMDAwMCAwMDAwMDAwMCAwMDAwMDAwMCAwMDAwMDAwMA0KWyAgIDUyLjUwNjY0NF0gM2ZjMDogMDAwMDAwMDAgMDAwMDAwMDAgMDAwMDAwMDAgMDAwMDAwZDAgMDAwMDAwMDAgMDAwMDAwMDAgMDAwMDAwMDAgN2ViZjBiYzQNClsgICA1Mi41MTc5MDBdIDNmZTA6IDc2ZWZiNjk0IDdlYmYwYjc4IDAwMDEwOWQ4IDAwMDEwNzY4DQpbICAgNTIuNTI0NDk1XSBDb2RlOiBlMWEwMTAwYyBlMTUxMDAwMyAwYTAwMDAwZCBlNTkxZTBjOCAoZTU5M2MwYzgpIA0KWyAgIDUyLjUzMjE3N10gLS0tWyBlbmQgdHJhY2UgNDQxNmE5MjBhNDM1YzhkYyBdLS0tDQoNDQoHTWVzc2FnZSBmcm9tIHN5c2xvZ2RAcmFzcGJlcnJ5cGkgYXQgU2VwIDI2IDA1OjI1OjE5IC4uLg0NCiBrZXJuZWw6WyAgIDUyLjMyMjIxNl0gUHJvY2VzcyB0cnltZSAocGlkOiA0NTMsIHN0YWNrIGxpbWl0ID0gMHg4Yjg0YTBmMCkNCg0NDQoHTWVzc2FnZSBmcm9tIHN5c2xvZ2RAcmFzcGJlcnJ5cGkgYXQgU2VwIDI2IDA1OjI1OjE5IC4uLg0NCiBrZXJuZWw6WyAgIDUyLjMyOTI3M10gU3RhY2s6ICgweGIzZDAzZjMwIHRvIDB4YjNkMDQwMDApDQoNDQ0KB01lc3NhZ2UgZnJvbSBzeXNsb2dkQHJhc3BiZXJyeXBpIGF0IFNlcCAyNiAwNToyNToxOSAuLi4NDQoga2VybmVsOlsgICA1Mi4zMzQ4MjldIDNmMjA6ICAgICAgICAgICAgICAgICAgICAgICAgICAgICAgICAgICAgIGIzZDAzZjRjIGIzZDAzZjQwIDgwMTJiM2NjIDgwNGExNjY0DQoNDQ0KB01lc3NhZ2UgZnJvbSBzeXNsb2dkQHJhc3BiZXJyeXBpIGF0IFNlcCAyNiAwNToyNToxOSAuLi4NDQoga2VybmVsOlsgICA1Mi4zNDUzNTRdIDNmNDA6IGIzZDAzZjVjIGIzZDAzZjUwIDgwMTJiM2ZjIDgwMTJiMzNjIGIzZDAzZjk0IGIzZDAzZjYwIDgwMTM1MDcwIDgwMTJiM2VjDQoNDQ0KB01lc3NhZ2UgZnJvbSBzeXNsb2dkQHJhc3BiZXJyeXBpIGF0IFNlcCAyNiAwNToyNToxOSAuLi4NDQoga2VybmVsOlsgICA1Mi4zNTU4NDFdIDNmNjA6IDAwMDAwMDAzIGI1NDYxNDAwIDAwMDAwMDEwIDAwMDAwMDAwIDAwMDAwMDAwIDAwMDAwMDAwIDAwMDAwMGQwIDgwMTAxMWM0DQoNDQ0KB01lc3NhZ2UgZnJvbSBzeXNsb2dkQHJhc3BiZXJyeXBpIGF0IFNlcCAyNiAwNToyNToxOSAuLi4NDQoga2VybmVsOlsgICA1Mi4zNjYzMjRdIDNmODA6IGIzZDAyMDAwIDAwMDAwMGQwIGIzZDAzZmE0IGIzZDAzZjk4IDgwMTM1MWIwIDgwMTM0ZmIwIDAwMDAwMDAwIGIzZDAzZmE4DQoNDQ0KB01lc3NhZ2UgZnJvbSBzeXNsb2dkQHJhc3BiZXJyeXBpIGF0IFNlcCAyNiAwNToyNToxOSAuLi4NDQoga2VybmVsOlsgICA1Mi4zNzY4NDFdIDNmYTA6IDgwMTAxMDAwIDgwMTM1MWE0IDAwMDAwMDAwIDAwMDAwMDAwIDAwMDAwMDAwIDAwMDAwMDAwIDAwMDAwMDAwIDAwMDAwMDAwDQoNDQ0KB01lc3NhZ2UgZnJvbSBzeXNsb2dkQHJhc3BiZXJyeXBpIGF0IFNlcCAyNiAwNToyNToxOSAuLi4NDQoga2VybmVsOlsgICA1Mi4zODc0ODFdIDNmYzA6IDAwMDAwMDAwIDAwMDAwMDAwIDAwMDAwMDAwIDAwMDAwMGQwIDAwMDAwMDAwIDAwMDAwMDAwIDAwMDAwMDAwIDdlYmYwYmM0DQoNDQ0KB01lc3NhZ2UgZnJvbSBzeXNsb2dkQHJhc3BiZXJyeXBpIGF0IFNlcCAyNiAwNToyNToxOSAuLi4NDQoga2VybmVsOlsgICA1Mi4zOTgyNzNdIDNmZTA6IDc2ZWZiNjk0IDdlYmYwYjc4IDAwMDEwOWQ4IDAwMDEwNzY4IDAwMDAwMDEwIDAwMDAwMDAwIDAwMDAwMDAwIDAwMDAwMDAwDQoNDQ0KB01lc3NhZ2UgZnJvbSBzeXNsb2dkQHJhc3BiZXJyeXBpIGF0IFNlcCAyNiAwNToyNToxOSAuLi4NDQoga2VybmVsOlsgICA1Mi41MjQ0OTVdIENvZGU6IGUxYTAxMDBjIGUxNTEwMDAzIDBhMDAwMDBkIGU1OTFlMGM4IChlNTkzYzBjOCkgDQoNU2VnbWVudGF0aW9uIGZhdWx0DQpwaUByYXNwYmVycnlwaTp+JCA='
195,135,b'Li90cnltZQ0KNjI1MDAwMA0KZ3JpOjEwMDAvMTAwMC8xMDAwcGlAcmFzcGJlcnJ5cGk6fiQg'
195,131,b'Li90cnltZQ0KNjI1MDAwMA0KZ3JpOjEwMDAvMTAwMC8xMDAwcGlAcmFzcGJlcnJ5cGk6fiQg'
195,126,b'Li90cnltZQ0KNjI1MDAwMA0KZ3JpOjEwMDAvMTAwMC8xMDAwcGlAcmFzcGJlcnJ5cGk6fiQg'
195,129,b'Li90cnltZQ0KNjI1MDAwMA0KZ3JpOjEwMDAvMTAwMC8xMDAwcGlAcmFzcGJlcnJ5cGk6fiQg'
195,126,b'Li90cnltZQ0KNjI1MDAwMA0KZ3JpOjEwMDAvMTAwMC8xMDAwcGlAcmFzcGJlcnJ5cGk6fiQg'
195,127,b'Li90cnltZQ0KNjI1MDAwMA0KZ3JpOjEwMDAvMTAwMC8xMDAwcGlAcmFzcGJlcnJ5cGk6fiQg'
195,127,b'Li90cnltZQ0KNjI1MDAwMA0KZ3JpOjEwMDAvMTAwMC8xMDAwcGlAcmFzcGJlcnJ5cGk6fiQg'
195,131,b'Li90cnltZQ0KWyAgIDU4LjI0NDA5Ml0gVW5hYmxlIHRvIGhhbmRsZSBrZXJuZWwgcGFnaW5nIHJlcXVlc3QgYXQgdmlydHVhbCBhZGRyZXNzIGIzZjk3ZjNjDQpbICAgNTguMjUyOTA0XSBwZ2QgPSA1M2JjNjJhYg0KWyAgIDU4LjI1NzAzNF0gW2IzZjk3ZjNjXSAqcGdkPTMzZTExNDFlKGJhZCkNClsgICA1OC4yNjI0NjVdIEludGVybmFsIGVycm9yOiBPb3BzOiA4MDAwMDAwZCBbIzVdIFNNUCBBUk0NClsgICA1OC4yNjkxMDddIE1vZHVsZXMgbGlua2VkIGluOiBibmVwIGhjaV91YXJ0IGJ0YmNtIHNlcmRldiBibHVldG9vdGggZWNkaF9nZW5lcmljIHNoYTI1Nl9nZW5lcmljIGNmZzgwMjExIHJma2lsbCA4MDIxcSBnYXJwIHN0cCBsbGMgc25kX2JjbTI4MzUoQykgc25kX3BjbSBzbmRfdGltZXIgcmFzcGJlcnJ5cGlfaHdtb24gaHdtb24gc25kIGJjbTI4MzVfY29kZWMoQykgYmNtMjgzNV92NGwyKEMpIHY0bDJfbWVtMm1lbSBiY20yODM1X21tYWxfdmNoaXEoQykgdmlkZW9idWYyX2RtYV9jb250aWcgdjRsMl9jb21tb24gdmlkZW9idWYyX3ZtYWxsb2MgdmlkZW9idWYyX21lbW9wcyB2aWRlb2J1ZjJfdjRsMiB2aWRlb2J1ZjJfY29tbW9uIHZpZGVvZGV2IG1lZGlhIHZjX3NtX2NtYShDKSBmaXhlZCB1aW9fcGRydl9nZW5pcnEgdWlvIGlwX3RhYmxlcyB4X3RhYmxlcyBpcHY2DQpbICAgNTguMzE2MjQ0XSBDUFU6IDMgUElEOiA0NjEgQ29tbTogdHJ5bWUgVGFpbnRlZDogRyAgICAgIEQgIEMgICAgICAgIDQuMTkuNzUtdjcrICMxMjcwDQpbICAgNTguMzI2Nzg3XSBIYXJkd2FyZSBuYW1lOiBCQ00yODM1DQpbICAgNTguMzMxNTA4XSBQQyBpcyBhdCAweGIzZjk3ZjNjDQpbICAgNTguMzM1OTIyXSBMUiBpcyBhdCAweGINClsgICA1OC4zMzk2NzBdIHBjIDogWzxiM2Y5N2YzYz5dICAgIGxyIDogWzwwMDAwMDAwYj5dICAgIHBzcjogNjAwMDAwMTMNClsgICA1OC4zNDcyMjRdIHNwIDogYjNkMDNmMDggIGlwIDogMDAwMDAwMDAgIGZwIDogYjNkMDNmMTQNClsgICA1OC4zNTM2OTFdIHIxMDogMDAwMDAwMDAgIHI5IDogMDAwMDAwMDAgIHI4IDogMDAwMDAwMDANClsgICA1OC4zNjAxMzhdIHI3IDogMDAwMDAwMDAgIHI2IDogMDAwMDAwMDAgIHI1IDogYjU0NjE4MDAgIHI0IDogYjU0NjE4NzANClsgICA1OC4zNjc5MDJdIHIzIDogMDAwMDAwMDAgIHIyIDogMDAwMDAwMGEgIHIxIDogYjk2NjZkODAgIHIwIDogMDAwMDAwMDANClsgICA1OC4zNzU2MzldIEZsYWdzOiBuWkN2ICBJUlFzIG9uICBGSVFzIG9uICBNb2RlIFNWQ18zMiAgSVNBIEFSTSAgU2VnbWVudCB1c2VyDQpbICAgNTguMzgzOTk3XSBDb250cm9sOiAxMGM1MzgzZCAgVGFibGU6IDMzYzhjMDZhICBEQUM6IDAwMDAwMDU1DQpbICAgNTguMzkwOTMwXSBQcm9jZXNzIHRyeW1lIChwaWQ6IDQ2MSwgc3RhY2sgbGltaXQgPSAweDhiODRhMGYwKQ0KWyAgIDU4LjM5Nzk3MF0gU3RhY2s6ICgweGIzZDAzZjA4IHRvIDB4YjNkMDQwMDApDQpbICAgNTguNDAzNTEwXSAzZjAwOiAgICAgICAgICAgICAgICAgICBiM2NiODNiYyAwMDAwMDBmOCBiM2QwM2YzNCBiM2QwM2YyMCA4MDE0ZjM5YyA4MDgzMGY5NA0KWyAgIDU4LjQxNjg5OV0gM2YyMDogMDA0MDAwMGMgYjNjYjgwMDAgYjNkMDNmNzQgYjNkMDNmMzggODAxMjU0MjAgODAxNGYzMjggYjYxYzdjMDAgODAxNDUzMjANClsgICA1OC40MzAyMzhdIDNmNDA6IGIzZDAzZjVjIGIzZDAzZjUwIDgwMTQ1MzIwIDgwMTQ0ZTY4IGIzZDAzZjk0IGIzZDAzZjYwIDgwMTM1MTBjIDgwMTQ1MmUwDQpbICAgNTguNDQzNTY1XSAzZjYwOiAwMDAwMDAwMyBiNTQ2MTc4MCAwMDAwMDAxMCAwMDAwMDAwMCAwMDAwMDAwMCAwMDAwMDAwMCAwMDAwMDBkMCA4MDEwMTFjNA0KWyAgIDU4LjQ1Njk3MF0gM2Y4MDogYjNkMDIwMDAgMDAwMDAwZDAgYjNkMDNmYTQgYjNkMDNmOTggODAxMzUxYjAgODAxMzRmYjAgMDAwMDAwMDAgYjNkMDNmYTgNClsgICA1OC40NzA2ODBdIDNmYTA6IDgwMTAxMDAwIDgwMTM1MWE0IDAwMDAwMDAwIDAwMDAwMDAwIDAwMDAwMDAwIDAwMDAwMDAwIDAwMDAwMDAwIDAwMDAwMDAwDQpbICAgNTguNDg0ODEyXSAzZmMwOiAwMDAwMDAwMCAwMDAwMDAwMCAwMDAwMDAwMCAwMDAwMDBkMCAwMDAwMDAwMCAwMDAwMDAwMCAwMDAwMDAwMCA3ZWExMmJjNA0KWyAgIDU4LjQ5OTE4NV0gM2ZlMDogNzZlODk2OTQgN2VhMTJiNzggMDAwMTA5ZDggMDAwMTA3NjggMDAwMDAwMTAgMDAwMDAwMDAgMDAwMDAwMDAgMDAwMDAwMDANClsgICA1OC41MTM5NjVdIENvZGU6IGU1OTUwMDA4IGUxNTAwMDA0IDBhMDAwMDBiIGUwOGM3MDA3IChlMDA3NzAwYSkgDQpbICAgNTguNTIzNDg0XSAtLS1bIGVuZCB0cmFjZSA0NDE2YTkyMGE0MzVjOGRkIF0tLS0NCg0NCgdNZXNzYWdlIGZyb20gc3lzbG9nZEByYXNwYmVycnlwaSBhdCBTZXAgMjYgMDU6MjU6MjUgLi4uDQ0KIGtlcm5lbDpbICAgNTguMjYyNDY1XSBJbnRlcm5hbCBlcnJvcjogT29wczogODAwMDAwMGQgWyM1XSBTTVAgQVJNDQoNDQ0KB01lc3NhZ2UgZnJvbSBzeXNsb2dkQHJhc3BiZXJyeXBpIGF0IFNlcCAyNiAwNToyNToyNSAuLi4NDQoga2VybmVsOlsgICA1OC4zOTA5MzBdIFByb2Nlc3MgdHJ5bWUgKHBpZDogNDYxLCBzdGFjayBsaW1pdCA9IDB4OGI4NGEwZjApDQoNDQ0KB01lc3NhZ2UgZnJvbSBzeXNsb2dkQHJhc3BiZXJyeXBpIGF0IFNlcCAyNiAwNToyNToyNSAuLi4NDQoga2VybmVsOlsgICA1OC4zOTc5NzBdIFN0YWNrOiAoMHhiM2QwM2YwOCB0byAweGIzZDA0MDAwKQ0KDQ0NCgdNZXNzYWdlIGZyb20gc3lzbG9nZEByYXNwYmVycnlwaSBhdCBTZXAgMjYgMDU6MjU6MjUgLi4uDQ0KIGtlcm5lbDpbICAgNTguNDAzNTEwXSAzZjAwOiAgICAgICAgICAgICAgICAgICBiM2NiODNiYyAwMDAwMDBmOCBiM2QwM2YzNCBiM2QwM2YyMCA4MDE0ZjM5YyA4MDgzMGY5NA0KDQ0NCgdNZXNzYWdlIGZyb20gc3lzbG9nZEByYXNwYmVycnlwaSBhdCBTZXAgMjYgMDU6MjU6MjUgLi4uDQ0KIGtlcm5lbDpbICAgNTguNDE2ODk5XSAzZjIwOiAwMDQwMDAwYyBiM2NiODAwMCBiM2QwM2Y3NCBiM2QwM2YzOCA4MDEyNTQyMCA4MDE0ZjMyOCBiNjFjN2MwMCA4MDE0NTMyMA0KDQ0NCgdNZXNzYWdlIGZyb20gc3lzbG9nZEByYXNwYmVycnlwaSBhdCBTZXAgMjYgMDU6MjU6MjUgLi4uDQ0KIGtlcm5lbDpbICAgNTguNDMwMjM4XSAzZjQwOiBiM2QwM2Y1YyBiM2QwM2Y1MCA4MDE0NTMyMCA4MDE0NGU2OCBiM2QwM2Y5NCBiM2QwM2Y2MCA4MDEzNTEwYyA4MDE0NTJlMA0KDQ0NCgdNZXNzYWdlIGZyb20gc3lzbG9nZEByYXNwYmVycnlwaSBhdCBTZXAgMjYgMDU6MjU6MjUgLi4uDQ0KIGtlcm5lbDpbICAgNTguNDQzNTY1XSAzZjYwOiAwMDAwMDAwMyBiNTQ2MTc4MCAwMDAwMDAxMCAwMDAwMDAwMCAwMDAwMDAwMCAwMDAwMDAwMCAwMDAwMDBkMCA4MDEwMTFjNA0KDQ0NCgdNZXNzYWdlIGZyb20gc3lzbG9nZEByYXNwYmVycnlwaSBhdCBTZXAgMjYgMDU6MjU6MjUgLi4uDQ0KIGtlcm5lbDpbICAgNTguNDU2OTcwXSAzZjgwOiBiM2QwMjAwMCAwMDAwMDBkMCBiM2QwM2ZhNCBiM2QwM2Y5OCA4MDEzNTFiMCA4MDEzNGZiMCAwMDAwMDAwMCBiM2QwM2ZhOA0KDQ0NCgdNZXNzYWdlIGZyb20gc3lzbG9nZEByYXNwYmVycnlwaSBhdCBTZXAgMjYgMDU6MjU6MjUgLi4uDQ0KIGtlcm5lbDpbICAgNTguNDcwNjgwXSAzZmEwOiA4MDEwMTAwMCA4MDEzNTFhNCAwMDAwMDAwMCAwMDAwMDAwMCAwMDAwMDAwMCAwMDAwMDAwMCAwMDAwMDAwMCAwMDAwMDAwMA0KDQ0NCgdNZXNzYWdlIGZyb20gc3lzbG9nZEByYXNwYmVycnlwaSBhdCBTZXAgMjYgMDU6MjU6MjUgLi4uDQ0KIGtlcm5lbDpbICAgNTguNDg0ODEyXSAzZmMwOiAwMDAwMDAwMCAwMDAwMDAwMCAwMDAwMDAwMCAwMDAwMDBkMCAwMDAwMDAwMCAwMDAwMDAwMCAwMDAwMDAwMCA3ZWExMmJjNA0KDQ0NCgdNZXNzYWdlIGZyb20gc3lzbG9nZEByYXNwYmVycnlwaSBhdCBTZXAgMjYgMDU6MjU6MjUgLi4uDQ0KIGtlcm5lbDpbICAgNTguNDk5MTg1XSAzZmUwOiA3NmU4OTY5NCA3ZWExMmI3OCAwMDAxMDlkOCAwMDAxMDc2OCAwMDAwMDAxMCAwMDAwMDAwMCAwMDAwMDAwMCAwMDAwMDAwMA0KDQ0NCgdNZXNzYWdlIGZyb20gc3lzbG9nZEByYXNwYmVycnlwaSBhdCBTZXAgMjYgMDU6MjU6MjUgLi4uDQ0KIGtlcm5lbDpbICAgNTguNTEzOTY1XSBDb2RlOiBlNTk1MDAwOCBlMTUwMDAwNCAwYTAwMDAwYiBlMDhjNzAwNyAoZTAwNzcwMGEpIA0KDVNlZ21lbnRhdGlvbiBmYXVsdA0KcGlAcmFzcGJlcnJ5cGk6fiQg'
195,125,b'Li90cnltZQ0KLi90cnltZTogcmVsb2NhdGlvbiBlcnJvcjogLi90cnltZTogc3ltYm9sIGNsb3NlIHZlcnNpb24gR0xJQkNfMi40IG5vdCBkZWZpbmVkIGluIGZpbGUgbGliYy5zby42IHdpdGggbGluayB0aW1lIHJlZmVyZW5jZQ0KcGlAcmFzcGJlcnJ5cGk6fiQg'
195,130,b'Li90cnltZQ0KLi90cnltZTogcmVsb2NhdGlvbiBlcnJvcjogLi90cnltZTogc3ltYm9sIGNsb3NlIHZlcnNpb24gR0xJQkNfMi40IG5vdCBkZWZpbmVkIGluIGZpbGUgbGliYy5zby42IHdpdGggbGluayB0aW1lIHJlZmVyZW5jZQ0KcGlAcmFzcGJlcnJ5cGk6fiQg'
195,129,b'Li90cnltZQ0KLi90cnltZTogcmVsb2NhdGlvbiBlcnJvcjogLi90cnltZTogc3ltYm9sIGNsb3NlIHZlcnNpb24gR0xJQkNfMi40IG5vdCBkZWZpbmVkIGluIGZpbGUgbGliYy5zby42IHdpdGggbGluayB0aW1lIHJlZmVyZW5jZQ0KcGlAcmFzcGJlcnJ5cGk6fiQg'
195,129,b'Li90cnltZQ0KLi90cnltZTogcmVsb2NhdGlvbiBlcnJvcjogLi90cnltZTogc3ltYm9sIGNsb3NlIHZlcnNpb24gR0xJQkNfMi40IG5vdCBkZWZpbmVkIGluIGZpbGUgbGliYy5zby42IHdpdGggbGluayB0aW1lIHJlZmVyZW5jZQ0KcGlAcmFzcGJlcnJ5cGk6fiQg'
195,126,b'Li90cnltZQ0KLi90cnltZTogcmVsb2NhdGlvbiBlcnJvcjogLi90cnltZTogc3ltYm9sIGNsb3NlIHZlcnNpb24gR0xJQkNfMi40IG5vdCBkZWZpbmVkIGluIGZpbGUgbGliYy5zby42IHdpdGggbGluayB0aW1lIHJlZmVyZW5jZQ0KcGlAcmFzcGJlcnJ5cGk6fiQg'
195,132,b'Li90cnltZQ0KLi90cnltZTogcmVsb2NhdGlvbiBlcnJvcjogLi90cnltZTogc3ltYm9sIGNsb3NlIHZlcnNpb24gR0xJQkNfMi40IG5vdCBkZWZpbmVkIGluIGZpbGUgbGliYy5zby42IHdpdGggbGluayB0aW1lIHJlZmVyZW5jZQ0KcGlAcmFzcGJlcnJ5cGk6fiQg'
195,134,b'Li90cnltZQ0KLi90cnltZTogcmVsb2NhdGlvbiBlcnJvcjogLi90cnltZTogc3ltYm9sIGNsb3NlIHZlcnNpb24gR0xJQkNfMi40IG5vdCBkZWZpbmVkIGluIGZpbGUgbGliYy5zby42IHdpdGggbGluayB0aW1lIHJlZmVyZW5jZQ0KcGlAcmFzcGJlcnJ5cGk6fiQg'
195,133,b'Li90cnltZQ0KLi90cnltZTogcmVsb2NhdGlvbiBlcnJvcjogLi90cnltZTogc3ltYm9sIGNsb3NlIHZlcnNpb24gR0xJQkNfMi40IG5vdCBkZWZpbmVkIGluIGZpbGUgbGliYy5zby42IHdpdGggbGluayB0aW1lIHJlZmVyZW5jZQ0KcGlAcmFzcGJlcnJ5cGk6fiQg'
195,130,b'Li90cnltZQ0KLi90cnltZTogcmVsb2NhdGlvbiBlcnJvcjogLi90cnltZTogc3ltYm9sIGNsb3NlIHZlcnNpb24gR0xJQkNfMi40IG5vdCBkZWZpbmVkIGluIGZpbGUgbGliYy5zby42IHdpdGggbGluayB0aW1lIHJlZmVyZW5jZQ0KcGlAcmFzcGJlcnJ5cGk6fiQg'
195,126,b'Li90cnltZQ0KLi90cnltZTogcmVsb2NhdGlvbiBlcnJvcjogLi90cnltZTogc3ltYm9sIGNsb3NlIHZlcnNpb24gR0xJQkNfMi40IG5vdCBkZWZpbmVkIGluIGZpbGUgbGliYy5zby42IHdpdGggbGluayB0aW1lIHJlZmVyZW5jZQ0KcGlAcmFzcGJlcnJ5cGk6fiQg'
195,130,b'Li90cnltZQ0KLi90cnltZTogcmVsb2NhdGlvbiBlcnJvcjogLi90cnltZTogc3ltYm9sIGNsb3NlIHZlcnNpb24gR0xJQkNfMi40IG5vdCBkZWZpbmVkIGluIGZpbGUgbGliYy5zby42IHdpdGggbGluayB0aW1lIHJlZmVyZW5jZQ0KcGlAcmFzcGJlcnJ5cGk6fiQg'
195,133,b'Li90cnltZQ0KLi90cnltZTogcmVsb2NhdGlvbiBlcnJvcjogLi90cnltZTogc3ltYm9sIGNsb3NlIHZlcnNpb24gR0xJQkNfMi40IG5vdCBkZWZpbmVkIGluIGZpbGUgbGliYy5zby42IHdpdGggbGluayB0aW1lIHJlZmVyZW5jZQ0KcGlAcmFzcGJlcnJ5cGk6fiQg'
195,125,b'Li90cnltZQ0KLi90cnltZTogcmVsb2NhdGlvbiBlcnJvcjogLi90cnltZTogc3ltYm9sIGNsb3NlIHZlcnNpb24gR0xJQkNfMi40IG5vdCBkZWZpbmVkIGluIGZpbGUgbGliYy5zby42IHdpdGggbGluayB0aW1lIHJlZmVyZW5jZQ0KcGlAcmFzcGJlcnJ5cGk6fiQg'
195,129,b'Li90cnltZQ0KLi90cnltZTogcmVsb2NhdGlvbiBlcnJvcjogLi90cnltZTogc3ltYm9sIGNsb3NlIHZlcnNpb24gR0xJQkNfMi40IG5vdCBkZWZpbmVkIGluIGZpbGUgbGliYy5zby42IHdpdGggbGluayB0aW1lIHJlZmVyZW5jZQ0KcGlAcmFzcGJlcnJ5cGk6fiQg'
195,135,b'Li90cnltZQ0KLi90cnltZTogcmVsb2NhdGlvbiBlcnJvcjogLi90cnltZTogc3ltYm9sIGNsb3NlIHZlcnNpb24gR0xJQkNfMi40IG5vdCBkZWZpbmVkIGluIGZpbGUgbGliYy5zby42IHdpdGggbGluayB0aW1lIHJlZmVyZW5jZQ0KcGlAcmFzcGJlcnJ5cGk6fiQg'
195,126,b'Li90cnltZQ0KLi90cnltZTogcmVsb2NhdGlvbiBlcnJvcjogLi90cnltZTogc3ltYm9sIGNsb3NlIHZlcnNpb24gR0xJQkNfMi40IG5vdCBkZWZpbmVkIGluIGZpbGUgbGliYy5zby42IHdpdGggbGluayB0aW1lIHJlZmVyZW5jZQ0KcGlAcmFzcGJlcnJ5cGk6fiQg'
195,125,b'Li90cnltZQ0KLi90cnltZTogcmVsb2NhdGlvbiBlcnJvcjogLi90cnltZTogc3ltYm9sIGNsb3NlIHZlcnNpb24gR0xJQkNfMi40IG5vdCBkZWZpbmVkIGluIGZpbGUgbGliYy5zby42IHdpdGggbGluayB0aW1lIHJlZmVyZW5jZQ0KcGlAcmFzcGJlcnJ5cGk6fiQg'
195,127,b'Li90cnltZQ0KLi90cnltZTogcmVsb2NhdGlvbiBlcnJvcjogLi90cnltZTogc3ltYm9sIGNsb3NlIHZlcnNpb24gR0xJQkNfMi40IG5vdCBkZWZpbmVkIGluIGZpbGUgbGliYy5zby42IHdpdGggbGluayB0aW1lIHJlZmVyZW5jZQ0KcGlAcmFzcGJlcnJ5cGk6fiQg'
195,130,b'Li90cnltZQ0KLi90cnltZTogcmVsb2NhdGlvbiBlcnJvcjogLi90cnltZTogc3ltYm9sIGNsb3NlIHZlcnNpb24gR0xJQkNfMi40IG5vdCBkZWZpbmVkIGluIGZpbGUgbGliYy5zby42IHdpdGggbGluayB0aW1lIHJlZmVyZW5jZQ0KcGlAcmFzcGJlcnJ5cGk6fiQg'
195,126,b'Li90cnltZQ0KLi90cnltZTogcmVsb2NhdGlvbiBlcnJvcjogLi90cnltZTogc3ltYm9sIGNsb3NlIHZlcnNpb24gR0xJQkNfMi40IG5vdCBkZWZpbmVkIGluIGZpbGUgbGliYy5zby42IHdpdGggbGluayB0aW1lIHJlZmVyZW5jZQ0KcGlAcmFzcGJlcnJ5cGk6fiQg'
195,129,b'Li90cnltZQ0KLi90cnltZTogcmVsb2NhdGlvbiBlcnJvcjogLi90cnltZTogc3ltYm9sIGNsb3NlIHZlcnNpb24gR0xJQkNfMi40IG5vdCBkZWZpbmVkIGluIGZpbGUgbGliYy5zby42IHdpdGggbGluayB0aW1lIHJlZmVyZW5jZQ0KcGlAcmFzcGJlcnJ5cGk6fiQg'
195,131,b'Li90cnltZQ0KLi90cnltZTogcmVsb2NhdGlvbiBlcnJvcjogLi90cnltZTogc3ltYm9sIGNsb3NlIHZlcnNpb24gR0xJQkNfMi40IG5vdCBkZWZpbmVkIGluIGZpbGUgbGliYy5zby42IHdpdGggbGluayB0aW1lIHJlZmVyZW5jZQ0KcGlAcmFzcGJlcnJ5cGk6fiQg'
195,129,b'Li90cnltZQ0KLi90cnltZTogcmVsb2NhdGlvbiBlcnJvcjogLi90cnltZTogc3ltYm9sIGNsb3NlIHZlcnNpb24gR0xJQkNfMi40IG5vdCBkZWZpbmVkIGluIGZpbGUgbGliYy5zby42IHdpdGggbGluayB0aW1lIHJlZmVyZW5jZQ0KcGlAcmFzcGJlcnJ5cGk6fiQg'
195,135,b'Li90cnltZQ0KLi90cnltZTogcmVsb2NhdGlvbiBlcnJvcjogLi90cnltZTogc3ltYm9sIGNsb3NlIHZlcnNpb24gR0xJQkNfMi40IG5vdCBkZWZpbmVkIGluIGZpbGUgbGliYy5zby42IHdpdGggbGluayB0aW1lIHJlZmVyZW5jZQ0KcGlAcmFzcGJlcnJ5cGk6fiQg'
195,133,b'Li90cnltZQ0KLi90cnltZTogcmVsb2NhdGlvbiBlcnJvcjogLi90cnltZTogc3ltYm9sIGNsb3NlIHZlcnNpb24gR0xJQkNfMi40IG5vdCBkZWZpbmVkIGluIGZpbGUgbGliYy5zby42IHdpdGggbGluayB0aW1lIHJlZmVyZW5jZQ0KcGlAcmFzcGJlcnJ5cGk6fiQg'
195,134,b'Li90cnltZQ0KLi90cnltZTogcmVsb2NhdGlvbiBlcnJvcjogLi90cnltZTogc3ltYm9sIGNsb3NlIHZlcnNpb24gR0xJQkNfMi40IG5vdCBkZWZpbmVkIGluIGZpbGUgbGliYy5zby42IHdpdGggbGluayB0aW1lIHJlZmVyZW5jZQ0KcGlAcmFzcGJlcnJ5cGk6fiQg'
195,126,b'Li90cnltZQ0KLi90cnltZTogcmVsb2NhdGlvbiBlcnJvcjogLi90cnltZTogc3ltYm9sIGNsb3NlIHZlcnNpb24gR0xJQkNfMi40IG5vdCBkZWZpbmVkIGluIGZpbGUgbGliYy5zby42IHdpdGggbGluayB0aW1lIHJlZmVyZW5jZQ0KcGlAcmFzcGJlcnJ5cGk6fiQg'
195,129,b'Li90cnltZQ0KLi90cnltZTogcmVsb2NhdGlvbiBlcnJvcjogLi90cnltZTogc3ltYm9sIGNsb3NlIHZlcnNpb24gR0xJQkNfMi40IG5vdCBkZWZpbmVkIGluIGZpbGUgbGliYy5zby42IHdpdGggbGluayB0aW1lIHJlZmVyZW5jZQ0KcGlAcmFzcGJlcnJ5cGk6fiQg'
195,126,b'Li90cnltZQ0KLi90cnltZTogcmVsb2NhdGlvbiBlcnJvcjogLi90cnltZTogc3ltYm9sIGNsb3NlIHZlcnNpb24gR0xJQkNfMi40IG5vdCBkZWZpbmVkIGluIGZpbGUgbGliYy5zby42IHdpdGggbGluayB0aW1lIHJlZmVyZW5jZQ0KcGlAcmFzcGJlcnJ5cGk6fiQg'
195,132,b'Li90cnltZQ0KLi90cnltZTogcmVsb2NhdGlvbiBlcnJvcjogLi90cnltZTogc3ltYm9sIGNsb3NlIHZlcnNpb24gR0xJQkNfMi40IG5vdCBkZWZpbmVkIGluIGZpbGUgbGliYy5zby42IHdpdGggbGluayB0aW1lIHJlZmVyZW5jZQ0KcGlAcmFzcGJlcnJ5cGk6fiQg'
195,126,b'Li90cnltZQ0KLi90cnltZTogcmVsb2NhdGlvbiBlcnJvcjogLi90cnltZTogc3ltYm9sIGNsb3NlIHZlcnNpb24gR0xJQkNfMi40IG5vdCBkZWZpbmVkIGluIGZpbGUgbGliYy5zby42IHdpdGggbGluayB0aW1lIHJlZmVyZW5jZQ0KcGlAcmFzcGJlcnJ5cGk6fiQg'
195,129,b'Li90cnltZQ0KLi90cnltZTogcmVsb2NhdGlvbiBlcnJvcjogLi90cnltZTogc3ltYm9sIGNsb3NlIHZlcnNpb24gR0xJQkNfMi40IG5vdCBkZWZpbmVkIGluIGZpbGUgbGliYy5zby42IHdpdGggbGluayB0aW1lIHJlZmVyZW5jZQ0KcGlAcmFzcGJlcnJ5cGk6fiQg'
195,128,b'Li90cnltZQ0KLi90cnltZTogcmVsb2NhdGlvbiBlcnJvcjogLi90cnltZTogc3ltYm9sIGNsb3NlIHZlcnNpb24gR0xJQkNfMi40IG5vdCBkZWZpbmVkIGluIGZpbGUgbGliYy5zby42IHdpdGggbGluayB0aW1lIHJlZmVyZW5jZQ0KcGlAcmFzcGJlcnJ5cGk6fiQg'
195,130,b'Li90cnltZQ0KLi90cnltZTogcmVsb2NhdGlvbiBlcnJvcjogLi90cnltZTogc3ltYm9sIGNsb3NlIHZlcnNpb24gR0xJQkNfMi40IG5vdCBkZWZpbmVkIGluIGZpbGUgbGliYy5zby42IHdpdGggbGluayB0aW1lIHJlZmVyZW5jZQ0KcGlAcmFzcGJlcnJ5cGk6fiQg'
195,134,b'Li90cnltZQ0KLi90cnltZTogcmVsb2NhdGlvbiBlcnJvcjogLi90cnltZTogc3ltYm9sIGNsb3NlIHZlcnNpb24gR0xJQkNfMi40IG5vdCBkZWZpbmVkIGluIGZpbGUgbGliYy5zby42IHdpdGggbGluayB0aW1lIHJlZmVyZW5jZQ0KcGlAcmFzcGJlcnJ5cGk6fiQg'
195,133,b'Li90cnltZQ0KLi90cnltZTogcmVsb2NhdGlvbiBlcnJvcjogLi90cnltZTogc3ltYm9sIGNsb3NlIHZlcnNpb24gR0xJQkNfMi40IG5vdCBkZWZpbmVkIGluIGZpbGUgbGliYy5zby42IHdpdGggbGluayB0aW1lIHJlZmVyZW5jZQ0KcGlAcmFzcGJlcnJ5cGk6fiQg'
195,130,b'Li90cnltZQ0KLi90cnltZTogcmVsb2NhdGlvbiBlcnJvcjogLi90cnltZTogc3ltYm9sIGNsb3NlIHZlcnNpb24gR0xJQkNfMi40IG5vdCBkZWZpbmVkIGluIGZpbGUgbGliYy5zby42IHdpdGggbGluayB0aW1lIHJlZmVyZW5jZQ0KcGlAcmFzcGJlcnJ5cGk6fiQg'
195,135,b'Li90cnltZQ0KLi90cnltZTogcmVsb2NhdGlvbiBlcnJvcjogLi90cnltZTogc3ltYm9sIGNsb3NlIHZlcnNpb24gR0xJQkNfMi40IG5vdCBkZWZpbmVkIGluIGZpbGUgbGliYy5zby42IHdpdGggbGluayB0aW1lIHJlZmVyZW5jZQ0KcGlAcmFzcGJlcnJ5cGk6fiQg'
195,126,b'Li90cnltZQ0KLi90cnltZTogcmVsb2NhdGlvbiBlcnJvcjogLi90cnltZTogc3ltYm9sIGNsb3NlIHZlcnNpb24gR0xJQkNfMi40IG5vdCBkZWZpbmVkIGluIGZpbGUgbGliYy5zby42IHdpdGggbGluayB0aW1lIHJlZmVyZW5jZQ0KcGlAcmFzcGJlcnJ5cGk6fiQg'
195,127,b'Li90cnltZQ0KLi90cnltZTogcmVsb2NhdGlvbiBlcnJvcjogLi90cnltZTogc3ltYm9sIGNsb3NlIHZlcnNpb24gR0xJQkNfMi40IG5vdCBkZWZpbmVkIGluIGZpbGUgbGliYy5zby42IHdpdGggbGluayB0aW1lIHJlZmVyZW5jZQ0KcGlAcmFzcGJlcnJ5cGk6fiQg'
195,132,b'Li90cnltZQ0KLi90cnltZTogcmVsb2NhdGlvbiBlcnJvcjogLi90cnltZTogc3ltYm9sIGNsb3NlIHZlcnNpb24gR0xJQkNfMi40IG5vdCBkZWZpbmVkIGluIGZpbGUgbGliYy5zby42IHdpdGggbGluayB0aW1lIHJlZmVyZW5jZQ0KcGlAcmFzcGJlcnJ5cGk6fiQg'
195,128,b'Li90cnltZQ0KLi90cnltZTogcmVsb2NhdGlvbiBlcnJvcjogLi90cnltZTogc3ltYm9sIGNsb3NlIHZlcnNpb24gR0xJQkNfMi40IG5vdCBkZWZpbmVkIGluIGZpbGUgbGliYy5zby42IHdpdGggbGluayB0aW1lIHJlZmVyZW5jZQ0KcGlAcmFzcGJlcnJ5cGk6fiQg'
195,132,b'Li90cnltZQ0KLi90cnltZTogcmVsb2NhdGlvbiBlcnJvcjogLi90cnltZTogc3ltYm9sIGNsb3NlIHZlcnNpb24gR0xJQkNfMi40IG5vdCBkZWZpbmVkIGluIGZpbGUgbGliYy5zby42IHdpdGggbGluayB0aW1lIHJlZmVyZW5jZQ0KcGlAcmFzcGJlcnJ5cGk6fiQg'
195,129,b'Li90cnltZQ0KLi90cnltZTogcmVsb2NhdGlvbiBlcnJvcjogLi90cnltZTogc3ltYm9sIGNsb3NlIHZlcnNpb24gR0xJQkNfMi40IG5vdCBkZWZpbmVkIGluIGZpbGUgbGliYy5zby42IHdpdGggbGluayB0aW1lIHJlZmVyZW5jZQ0KcGlAcmFzcGJlcnJ5cGk6fiQg'
195,128,b'Li90cnltZQ0KLi90cnltZTogcmVsb2NhdGlvbiBlcnJvcjogLi90cnltZTogc3ltYm9sIGNsb3NlIHZlcnNpb24gR0xJQkNfMi40IG5vdCBkZWZpbmVkIGluIGZpbGUgbGliYy5zby42IHdpdGggbGluayB0aW1lIHJlZmVyZW5jZQ0KcGlAcmFzcGJlcnJ5cGk6fiQg'
195,125,b'Li90cnltZQ0KLi90cnltZTogcmVsb2NhdGlvbiBlcnJvcjogLi90cnltZTogc3ltYm9sIGNsb3NlIHZlcnNpb24gR0xJQkNfMi40IG5vdCBkZWZpbmVkIGluIGZpbGUgbGliYy5zby42IHdpdGggbGluayB0aW1lIHJlZmVyZW5jZQ0KcGlAcmFzcGJlcnJ5cGk6fiQg'
195,133,b'Li90cnltZQ0KLi90cnltZTogcmVsb2NhdGlvbiBlcnJvcjogLi90cnltZTogc3ltYm9sIGNsb3NlIHZlcnNpb24gR0xJQkNfMi40IG5vdCBkZWZpbmVkIGluIGZpbGUgbGliYy5zby42IHdpdGggbGluayB0aW1lIHJlZmVyZW5jZQ0KcGlAcmFzcGJlcnJ5cGk6fiQg'
195,135,b'Li90cnltZQ0KLi90cnltZTogcmVsb2NhdGlvbiBlcnJvcjogLi90cnltZTogc3ltYm9sIGNsb3NlIHZlcnNpb24gR0xJQkNfMi40IG5vdCBkZWZpbmVkIGluIGZpbGUgbGliYy5zby42IHdpdGggbGluayB0aW1lIHJlZmVyZW5jZQ0KcGlAcmFzcGJlcnJ5cGk6fiQg'
195,130,b'Li90cnltZQ0KLi90cnltZTogcmVsb2NhdGlvbiBlcnJvcjogLi90cnltZTogc3ltYm9sIGNsb3NlIHZlcnNpb24gR0xJQkNfMi40IG5vdCBkZWZpbmVkIGluIGZpbGUgbGliYy5zby42IHdpdGggbGluayB0aW1lIHJlZmVyZW5jZQ0KcGlAcmFzcGJlcnJ5cGk6fiQg'
195,125,b'Li90cnltZQ0KLi90cnltZTogcmVsb2NhdGlvbiBlcnJvcjogLi90cnltZTogc3ltYm9sIGNsb3NlIHZlcnNpb24gR0xJQkNfMi40IG5vdCBkZWZpbmVkIGluIGZpbGUgbGliYy5zby42IHdpdGggbGluayB0aW1lIHJlZmVyZW5jZQ0KcGlAcmFzcGJlcnJ5cGk6fiQg'
196,133,b'Li90cnltZQ0KLi90cnltZTogcmVsb2NhdGlvbiBlcnJvcjogLi90cnltZTogc3ltYm9sIGNsb3NlIHZlcnNpb24gR0xJQkNfMi40IG5vdCBkZWZpbmVkIGluIGZpbGUgbGliYy5zby42IHdpdGggbGluayB0aW1lIHJlZmVyZW5jZQ0KcGlAcmFzcGJlcnJ5cGk6fiQg'
196,127,b'Li90cnltZQ0KLi90cnltZTogcmVsb2NhdGlvbiBlcnJvcjogLi90cnltZTogc3ltYm9sIGNsb3NlIHZlcnNpb24gR0xJQkNfMi40IG5vdCBkZWZpbmVkIGluIGZpbGUgbGliYy5zby42IHdpdGggbGluayB0aW1lIHJlZmVyZW5jZQ0KcGlAcmFzcGJlcnJ5cGk6fiQg'
196,131,b'Li90cnltZQ0KLi90cnltZTogcmVsb2NhdGlvbiBlcnJvcjogLi90cnltZTogc3ltYm9sIGNsb3NlIHZlcnNpb24gR0xJQkNfMi40IG5vdCBkZWZpbmVkIGluIGZpbGUgbGliYy5zby42IHdpdGggbGluayB0aW1lIHJlZmVyZW5jZQ0KcGlAcmFzcGJlcnJ5cGk6fiQg'
196,131,b'Li90cnltZQ0KLi90cnltZTogcmVsb2NhdGlvbiBlcnJvcjogLi90cnltZTogc3ltYm9sIGNsb3NlIHZlcnNpb24gR0xJQkNfMi40IG5vdCBkZWZpbmVkIGluIGZpbGUgbGliYy5zby42IHdpdGggbGluayB0aW1lIHJlZmVyZW5jZQ0KcGlAcmFzcGJlcnJ5cGk6fiQg'
196,131,b'Li90cnltZQ0KLi90cnltZTogcmVsb2NhdGlvbiBlcnJvcjogLi90cnltZTogc3ltYm9sIGNsb3NlIHZlcnNpb24gR0xJQkNfMi40IG5vdCBkZWZpbmVkIGluIGZpbGUgbGliYy5zby42IHdpdGggbGluayB0aW1lIHJlZmVyZW5jZQ0KcGlAcmFzcGJlcnJ5cGk6fiQg'
196,125,b'Li90cnltZQ0KLi90cnltZTogcmVsb2NhdGlvbiBlcnJvcjogLi90cnltZTogc3ltYm9sIGNsb3NlIHZlcnNpb24gR0xJQkNfMi40IG5vdCBkZWZpbmVkIGluIGZpbGUgbGliYy5zby42IHdpdGggbGluayB0aW1lIHJlZmVyZW5jZQ0KcGlAcmFzcGJlcnJ5cGk6fiQg'
196,127,b'Li90cnltZQ0KLi90cnltZTogcmVsb2NhdGlvbiBlcnJvcjogLi90cnltZTogc3ltYm9sIGNsb3NlIHZlcnNpb24gR0xJQkNfMi40IG5vdCBkZWZpbmVkIGluIGZpbGUgbGliYy5zby42IHdpdGggbGluayB0aW1lIHJlZmVyZW5jZQ0KcGlAcmFzcGJlcnJ5cGk6fiQg'
196,130,b'Li90cnltZQ0KLi90cnltZTogcmVsb2NhdGlvbiBlcnJvcjogLi90cnltZTogc3ltYm9sIGNsb3NlIHZlcnNpb24gR0xJQkNfMi40IG5vdCBkZWZpbmVkIGluIGZpbGUgbGliYy5zby42IHdpdGggbGluayB0aW1lIHJlZmVyZW5jZQ0KcGlAcmFzcGJlcnJ5cGk6fiQg'
196,134,b'Li90cnltZQ0KLi90cnltZTogcmVsb2NhdGlvbiBlcnJvcjogLi90cnltZTogc3ltYm9sIGNsb3NlIHZlcnNpb24gR0xJQkNfMi40IG5vdCBkZWZpbmVkIGluIGZpbGUgbGliYy5zby42IHdpdGggbGluayB0aW1lIHJlZmVyZW5jZQ0KcGlAcmFzcGJlcnJ5cGk6fiQg'
196,129,b'Li90cnltZQ0KLi90cnltZTogcmVsb2NhdGlvbiBlcnJvcjogLi90cnltZTogc3ltYm9sIGNsb3NlIHZlcnNpb24gR0xJQkNfMi40IG5vdCBkZWZpbmVkIGluIGZpbGUgbGliYy5zby42IHdpdGggbGluayB0aW1lIHJlZmVyZW5jZQ0KcGlAcmFzcGJlcnJ5cGk6fiQg'
196,135,b'Li90cnltZQ0KLi90cnltZTogcmVsb2NhdGlvbiBlcnJvcjogLi90cnltZTogc3ltYm9sIGNsb3NlIHZlcnNpb24gR0xJQkNfMi40IG5vdCBkZWZpbmVkIGluIGZpbGUgbGliYy5zby42IHdpdGggbGluayB0aW1lIHJlZmVyZW5jZQ0KcGlAcmFzcGJlcnJ5cGk6fiQg'
196,126,b'Li90cnltZQ0KLi90cnltZTogcmVsb2NhdGlvbiBlcnJvcjogLi90cnltZTogc3ltYm9sIGNsb3NlIHZlcnNpb24gR0xJQkNfMi40IG5vdCBkZWZpbmVkIGluIGZpbGUgbGliYy5zby42IHdpdGggbGluayB0aW1lIHJlZmVyZW5jZQ0KcGlAcmFzcGJlcnJ5cGk6fiQg'
196,127,b'Li90cnltZQ0KLi90cnltZTogcmVsb2NhdGlvbiBlcnJvcjogLi90cnltZTogc3ltYm9sIGNsb3NlIHZlcnNpb24gR0xJQkNfMi40IG5vdCBkZWZpbmVkIGluIGZpbGUgbGliYy5zby42IHdpdGggbGluayB0aW1lIHJlZmVyZW5jZQ0KcGlAcmFzcGJlcnJ5cGk6fiQg'
196,128,b'Li90cnltZQ0KLi90cnltZTogcmVsb2NhdGlvbiBlcnJvcjogLi90cnltZTogc3ltYm9sIGNsb3NlIHZlcnNpb24gR0xJQkNfMi40IG5vdCBkZWZpbmVkIGluIGZpbGUgbGliYy5zby42IHdpdGggbGluayB0aW1lIHJlZmVyZW5jZQ0KcGlAcmFzcGJlcnJ5cGk6fiQg'
196,132,b'Li90cnltZQ0KLi90cnltZTogcmVsb2NhdGlvbiBlcnJvcjogLi90cnltZTogc3ltYm9sIGNsb3NlIHZlcnNpb24gR0xJQkNfMi40IG5vdCBkZWZpbmVkIGluIGZpbGUgbGliYy5zby42IHdpdGggbGluayB0aW1lIHJlZmVyZW5jZQ0KcGlAcmFzcGJlcnJ5cGk6fiQg'
196,133,b'Li90cnltZQ0KLi90cnltZTogcmVsb2NhdGlvbiBlcnJvcjogLi90cnltZTogc3ltYm9sIGNsb3NlIHZlcnNpb24gR0xJQkNfMi40IG5vdCBkZWZpbmVkIGluIGZpbGUgbGliYy5zby42IHdpdGggbGluayB0aW1lIHJlZmVyZW5jZQ0KcGlAcmFzcGJlcnJ5cGk6fiQg'
196,133,b'Li90cnltZQ0KLi90cnltZTogcmVsb2NhdGlvbiBlcnJvcjogLi90cnltZTogc3ltYm9sIGNsb3NlIHZlcnNpb24gR0xJQkNfMi40IG5vdCBkZWZpbmVkIGluIGZpbGUgbGliYy5zby42IHdpdGggbGluayB0aW1lIHJlZmVyZW5jZQ0KcGlAcmFzcGJlcnJ5cGk6fiQg'
196,135,b'Li90cnltZQ0KLi90cnltZTogcmVsb2NhdGlvbiBlcnJvcjogLi90cnltZTogc3ltYm9sIGNsb3NlIHZlcnNpb24gR0xJQkNfMi40IG5vdCBkZWZpbmVkIGluIGZpbGUgbGliYy5zby42IHdpdGggbGluayB0aW1lIHJlZmVyZW5jZQ0KcGlAcmFzcGJlcnJ5cGk6fiQg'
196,125,b'Li90cnltZQ0KLi90cnltZTogcmVsb2NhdGlvbiBlcnJvcjogLi90cnltZTogc3ltYm9sIGNsb3NlIHZlcnNpb24gR0xJQkNfMi40IG5vdCBkZWZpbmVkIGluIGZpbGUgbGliYy5zby42IHdpdGggbGluayB0aW1lIHJlZmVyZW5jZQ0KcGlAcmFzcGJlcnJ5cGk6fiQg'
196,132,b'Li90cnltZQ0KLi90cnltZTogcmVsb2NhdGlvbiBlcnJvcjogLi90cnltZTogc3ltYm9sIGNsb3NlIHZlcnNpb24gR0xJQkNfMi40IG5vdCBkZWZpbmVkIGluIGZpbGUgbGliYy5zby42IHdpdGggbGluayB0aW1lIHJlZmVyZW5jZQ0KcGlAcmFzcGJlcnJ5cGk6fiQg'
196,125,b'Li90cnltZQ0KLi90cnltZTogcmVsb2NhdGlvbiBlcnJvcjogLi90cnltZTogc3ltYm9sIGNsb3NlIHZlcnNpb24gR0xJQkNfMi40IG5vdCBkZWZpbmVkIGluIGZpbGUgbGliYy5zby42IHdpdGggbGluayB0aW1lIHJlZmVyZW5jZQ0KcGlAcmFzcGJlcnJ5cGk6fiQg'
196,131,b'Li90cnltZQ0KLi90cnltZTogcmVsb2NhdGlvbiBlcnJvcjogLi90cnltZTogc3ltYm9sIGNsb3NlIHZlcnNpb24gR0xJQkNfMi40IG5vdCBkZWZpbmVkIGluIGZpbGUgbGliYy5zby42IHdpdGggbGluayB0aW1lIHJlZmVyZW5jZQ0KcGlAcmFzcGJlcnJ5cGk6fiQg'
196,125,b'Li90cnltZQ0KLi90cnltZTogcmVsb2NhdGlvbiBlcnJvcjogLi90cnltZTogc3ltYm9sIGNsb3NlIHZlcnNpb24gR0xJQkNfMi40IG5vdCBkZWZpbmVkIGluIGZpbGUgbGliYy5zby42IHdpdGggbGluayB0aW1lIHJlZmVyZW5jZQ0KcGlAcmFzcGJlcnJ5cGk6fiQg'
196,125,b'Li90cnltZQ0KLi90cnltZTogcmVsb2NhdGlvbiBlcnJvcjogLi90cnltZTogc3ltYm9sIGNsb3NlIHZlcnNpb24gR0xJQkNfMi40IG5vdCBkZWZpbmVkIGluIGZpbGUgbGliYy5zby42IHdpdGggbGluayB0aW1lIHJlZmVyZW5jZQ0KcGlAcmFzcGJlcnJ5cGk6fiQg'
196,131,b'Li90cnltZQ0KLi90cnltZTogcmVsb2NhdGlvbiBlcnJvcjogLi90cnltZTogc3ltYm9sIGNsb3NlIHZlcnNpb24gR0xJQkNfMi40IG5vdCBkZWZpbmVkIGluIGZpbGUgbGliYy5zby42IHdpdGggbGluayB0aW1lIHJlZmVyZW5jZQ0KcGlAcmFzcGJlcnJ5cGk6fiQg'
196,126,b'Li90cnltZQ0KLi90cnltZTogcmVsb2NhdGlvbiBlcnJvcjogLi90cnltZTogc3ltYm9sIGNsb3NlIHZlcnNpb24gR0xJQkNfMi40IG5vdCBkZWZpbmVkIGluIGZpbGUgbGliYy5zby42IHdpdGggbGluayB0aW1lIHJlZmVyZW5jZQ0KcGlAcmFzcGJlcnJ5cGk6fiQg'
196,129,b'Li90cnltZQ0KLi90cnltZTogcmVsb2NhdGlvbiBlcnJvcjogLi90cnltZTogc3ltYm9sIGNsb3NlIHZlcnNpb24gR0xJQkNfMi40IG5vdCBkZWZpbmVkIGluIGZpbGUgbGliYy5zby42IHdpdGggbGluayB0aW1lIHJlZmVyZW5jZQ0KcGlAcmFzcGJlcnJ5cGk6fiQg'
196,134,b'Li90cnltZQ0KLi90cnltZTogcmVsb2NhdGlvbiBlcnJvcjogLi90cnltZTogc3ltYm9sIGNsb3NlIHZlcnNpb24gR0xJQkNfMi40IG5vdCBkZWZpbmVkIGluIGZpbGUgbGliYy5zby42IHdpdGggbGluayB0aW1lIHJlZmVyZW5jZQ0KcGlAcmFzcGJlcnJ5cGk6fiQg'
196,125,b'Li90cnltZQ0KLi90cnltZTogcmVsb2NhdGlvbiBlcnJvcjogLi90cnltZTogc3ltYm9sIGNsb3NlIHZlcnNpb24gR0xJQkNfMi40IG5vdCBkZWZpbmVkIGluIGZpbGUgbGliYy5zby42IHdpdGggbGluayB0aW1lIHJlZmVyZW5jZQ0KcGlAcmFzcGJlcnJ5cGk6fiQg'
196,126,b'Li90cnltZQ0KLi90cnltZTogcmVsb2NhdGlvbiBlcnJvcjogLi90cnltZTogc3ltYm9sIGNsb3NlIHZlcnNpb24gR0xJQkNfMi40IG5vdCBkZWZpbmVkIGluIGZpbGUgbGliYy5zby42IHdpdGggbGluayB0aW1lIHJlZmVyZW5jZQ0KcGlAcmFzcGJlcnJ5cGk6fiQg'
196,125,b'Li90cnltZQ0KLi90cnltZTogcmVsb2NhdGlvbiBlcnJvcjogLi90cnltZTogc3ltYm9sIGNsb3NlIHZlcnNpb24gR0xJQkNfMi40IG5vdCBkZWZpbmVkIGluIGZpbGUgbGliYy5zby42IHdpdGggbGluayB0aW1lIHJlZmVyZW5jZQ0KcGlAcmFzcGJlcnJ5cGk6fiQg'
196,127,b'Li90cnltZQ0KLi90cnltZTogcmVsb2NhdGlvbiBlcnJvcjogLi90cnltZTogc3ltYm9sIGNsb3NlIHZlcnNpb24gR0xJQkNfMi40IG5vdCBkZWZpbmVkIGluIGZpbGUgbGliYy5zby42IHdpdGggbGluayB0aW1lIHJlZmVyZW5jZQ0KcGlAcmFzcGJlcnJ5cGk6fiQg'
196,135,b'Li90cnltZQ0KLi90cnltZTogcmVsb2NhdGlvbiBlcnJvcjogLi90cnltZTogc3ltYm9sIGNsb3NlIHZlcnNpb24gR0xJQkNfMi40IG5vdCBkZWZpbmVkIGluIGZpbGUgbGliYy5zby42IHdpdGggbGluayB0aW1lIHJlZmVyZW5jZQ0KcGlAcmFzcGJlcnJ5cGk6fiQg'
196,134,b'Li90cnltZQ0KLi90cnltZTogcmVsb2NhdGlvbiBlcnJvcjogLi90cnltZTogc3ltYm9sIGNsb3NlIHZlcnNpb24gR0xJQkNfMi40IG5vdCBkZWZpbmVkIGluIGZpbGUgbGliYy5zby42IHdpdGggbGluayB0aW1lIHJlZmVyZW5jZQ0KcGlAcmFzcGJlcnJ5cGk6fiQg'
196,127,b'Li90cnltZQ0KLi90cnltZTogcmVsb2NhdGlvbiBlcnJvcjogLi90cnltZTogc3ltYm9sIGNsb3NlIHZlcnNpb24gR0xJQkNfMi40IG5vdCBkZWZpbmVkIGluIGZpbGUgbGliYy5zby42IHdpdGggbGluayB0aW1lIHJlZmVyZW5jZQ0KcGlAcmFzcGJlcnJ5cGk6fiQg'
196,133,b'Li90cnltZQ0KLi90cnltZTogcmVsb2NhdGlvbiBlcnJvcjogLi90cnltZTogc3ltYm9sIGNsb3NlIHZlcnNpb24gR0xJQkNfMi40IG5vdCBkZWZpbmVkIGluIGZpbGUgbGliYy5zby42IHdpdGggbGluayB0aW1lIHJlZmVyZW5jZQ0KcGlAcmFzcGJlcnJ5cGk6fiQg'
196,133,b'Li90cnltZQ0KLi90cnltZTogcmVsb2NhdGlvbiBlcnJvcjogLi90cnltZTogc3ltYm9sIGNsb3NlIHZlcnNpb24gR0xJQkNfMi40IG5vdCBkZWZpbmVkIGluIGZpbGUgbGliYy5zby42IHdpdGggbGluayB0aW1lIHJlZmVyZW5jZQ0KcGlAcmFzcGJlcnJ5cGk6fiQg'
196,135,b'Li90cnltZQ0KLi90cnltZTogcmVsb2NhdGlvbiBlcnJvcjogLi90cnltZTogc3ltYm9sIGNsb3NlIHZlcnNpb24gR0xJQkNfMi40IG5vdCBkZWZpbmVkIGluIGZpbGUgbGliYy5zby42IHdpdGggbGluayB0aW1lIHJlZmVyZW5jZQ0KcGlAcmFzcGJlcnJ5cGk6fiQg'
196,131,b'Li90cnltZQ0KLi90cnltZTogcmVsb2NhdGlvbiBlcnJvcjogLi90cnltZTogc3ltYm9sIGNsb3NlIHZlcnNpb24gR0xJQkNfMi40IG5vdCBkZWZpbmVkIGluIGZpbGUgbGliYy5zby42IHdpdGggbGluayB0aW1lIHJlZmVyZW5jZQ0KcGlAcmFzcGJlcnJ5cGk6fiQg'
196,127,b'Li90cnltZQ0KLi90cnltZTogcmVsb2NhdGlvbiBlcnJvcjogLi90cnltZTogc3ltYm9sIGNsb3NlIHZlcnNpb24gR0xJQkNfMi40IG5vdCBkZWZpbmVkIGluIGZpbGUgbGliYy5zby42IHdpdGggbGluayB0aW1lIHJlZmVyZW5jZQ0KcGlAcmFzcGJlcnJ5cGk6fiQg'
196,135,b'Li90cnltZQ0KLi90cnltZTogcmVsb2NhdGlvbiBlcnJvcjogLi90cnltZTogc3ltYm9sIGNsb3NlIHZlcnNpb24gR0xJQkNfMi40IG5vdCBkZWZpbmVkIGluIGZpbGUgbGliYy5zby42IHdpdGggbGluayB0aW1lIHJlZmVyZW5jZQ0KcGlAcmFzcGJlcnJ5cGk6fiQg'
196,135,b'Li90cnltZQ0KLi90cnltZTogcmVsb2NhdGlvbiBlcnJvcjogLi90cnltZTogc3ltYm9sIGNsb3NlIHZlcnNpb24gR0xJQkNfMi40IG5vdCBkZWZpbmVkIGluIGZpbGUgbGliYy5zby42IHdpdGggbGluayB0aW1lIHJlZmVyZW5jZQ0KcGlAcmFzcGJlcnJ5cGk6fiQg'
196,126,b'Li90cnltZQ0KLi90cnltZTogcmVsb2NhdGlvbiBlcnJvcjogLi90cnltZTogc3ltYm9sIGNsb3NlIHZlcnNpb24gR0xJQkNfMi40IG5vdCBkZWZpbmVkIGluIGZpbGUgbGliYy5zby42IHdpdGggbGluayB0aW1lIHJlZmVyZW5jZQ0KcGlAcmFzcGJlcnJ5cGk6fiQg'
196,133,b'Li90cnltZQ0KLi90cnltZTogcmVsb2NhdGlvbiBlcnJvcjogLi90cnltZTogc3ltYm9sIGNsb3NlIHZlcnNpb24gR0xJQkNfMi40IG5vdCBkZWZpbmVkIGluIGZpbGUgbGliYy5zby42IHdpdGggbGluayB0aW1lIHJlZmVyZW5jZQ0KcGlAcmFzcGJlcnJ5cGk6fiQg'
196,125,b'Li90cnltZQ0KLi90cnltZTogcmVsb2NhdGlvbiBlcnJvcjogLi90cnltZTogc3ltYm9sIGNsb3NlIHZlcnNpb24gR0xJQkNfMi40IG5vdCBkZWZpbmVkIGluIGZpbGUgbGliYy5zby42IHdpdGggbGluayB0aW1lIHJlZmVyZW5jZQ0KcGlAcmFzcGJlcnJ5cGk6fiQg'
196,129,b'Li90cnltZQ0KLi90cnltZTogcmVsb2NhdGlvbiBlcnJvcjogLi90cnltZTogc3ltYm9sIGNsb3NlIHZlcnNpb24gR0xJQkNfMi40IG5vdCBkZWZpbmVkIGluIGZpbGUgbGliYy5zby42IHdpdGggbGluayB0aW1lIHJlZmVyZW5jZQ0KcGlAcmFzcGJlcnJ5cGk6fiQg'
196,131,b'Li90cnltZQ0KLi90cnltZTogcmVsb2NhdGlvbiBlcnJvcjogLi90cnltZTogc3ltYm9sIGNsb3NlIHZlcnNpb24gR0xJQkNfMi40IG5vdCBkZWZpbmVkIGluIGZpbGUgbGliYy5zby42IHdpdGggbGluayB0aW1lIHJlZmVyZW5jZQ0KcGlAcmFzcGJlcnJ5cGk6fiQg'
196,129,b'Li90cnltZQ0KLi90cnltZTogcmVsb2NhdGlvbiBlcnJvcjogLi90cnltZTogc3ltYm9sIGNsb3NlIHZlcnNpb24gR0xJQkNfMi40IG5vdCBkZWZpbmVkIGluIGZpbGUgbGliYy5zby42IHdpdGggbGluayB0aW1lIHJlZmVyZW5jZQ0KcGlAcmFzcGJlcnJ5cGk6fiQg'
196,132,b'Li90cnltZQ0KLi90cnltZTogcmVsb2NhdGlvbiBlcnJvcjogLi90cnltZTogc3ltYm9sIGNsb3NlIHZlcnNpb24gR0xJQkNfMi40IG5vdCBkZWZpbmVkIGluIGZpbGUgbGliYy5zby42IHdpdGggbGluayB0aW1lIHJlZmVyZW5jZQ0KcGlAcmFzcGJlcnJ5cGk6fiQg'
196,128,b'Li90cnltZQ0KLi90cnltZTogcmVsb2NhdGlvbiBlcnJvcjogLi90cnltZTogc3ltYm9sIGNsb3NlIHZlcnNpb24gR0xJQkNfMi40IG5vdCBkZWZpbmVkIGluIGZpbGUgbGliYy5zby42IHdpdGggbGluayB0aW1lIHJlZmVyZW5jZQ0KcGlAcmFzcGJlcnJ5cGk6fiQg'
